﻿organization,project_id,location,location_id,location_buffer_m,longitude,latitude,equipment_make,recording_id,recording_date_time,task_id,aru_task_status,task_duration,task_method,species_code,species_common_name,species_scientific_name,individual_order,tag_id,individual_count,vocalization,detection_time,tag_duration,rms_peak_dbfs,tag_is_verified,tag_rating,observer,observer_user_id,species_individual_comments,task_comments
BU,1951,W-P5-19-36,88950,,-113.436710,55.216010,,721635,2021-06-24 00:00:00,735948,Transcribed,60s,None,NONE,NONE,"",,,,,,,,,,Anya Smillie,2546,,
BU,1951,W-P5-19-36,88950,,-113.436710,55.216010,,721634,2021-06-24 00:20:00,735947,Transcribed,60s,None,NONE,NONE,"",,,,,,,,,,Anya Smillie,2546,,
BU,1951,W-P5-19-36,88950,,-113.436710,55.216010,,721636,2021-06-24 00:40:00,735949,Transcribed,60s,None,NONE,NONE,"",,,,,,,,,,Anya Smillie,2546,,
BU,1951,W-P5-19-36,88950,,-113.436710,55.216010,,721637,2021-06-24 01:00:00,735950,Transcribed,60s,None,NONE,NONE,"",,,,,,,,,,Anya Smillie,2546,,
BU,1951,W-P5-19-36,88950,,-113.436710,55.216010,,721638,2021-06-24 01:20:00,735951,Transcribed,60s,None,NONE,NONE,"",,,,,,,,,,Anya Smillie,2546,,
BU,1951,W-P5-19-36,88950,,-113.436710,55.216010,,721639,2021-06-24 01:40:00,735952,Transcribed,60s,None,NONE,NONE,"",,,,,,,,,,Anya Smillie,2546,,
BU,1951,W-P5-19-36,88950,,-113.436710,55.216010,,721640,2021-06-24 02:00:00,735953,Transcribed,60s,None,NONE,NONE,"",,,,,,,,,,Anya Smillie,2546,,
BU,1951,W-P5-19-36,88950,,-113.436710,55.216010,,721641,2021-06-24 02:20:00,735954,Transcribed,60s,None,NONE,NONE,"",,,,,,,,,,Anya Smillie,2546,,
BU,1951,W-P5-19-36,88950,,-113.436710,55.216010,,721642,2021-06-24 02:40:00,735955,Transcribed,60s,None,NONE,NONE,"",,,,,,,,,,Anya Smillie,2546,,
BU,1951,W-P5-19-36,88950,,-113.436710,55.216010,,721643,2021-06-24 03:00:00,735956,Transcribed,60s,None,NONE,NONE,"",,,,,,,,,,Anya Smillie,2546,,
BU,1951,W-P5-19-36,88950,,-113.436710,55.216010,,721644,2021-06-24 03:20:00,735957,Transcribed,60s,None,NONE,NONE,"",,,,,,,,,,Anya Smillie,2546,,
BU,1951,W-P5-19-36,88950,,-113.436710,55.216010,,721645,2021-06-24 03:40:00,735958,Transcribed,60s,None,WIWR,Winter Wren,TROGLODYTES HIEMALIS,1,3466631,1,Song,29.25,3.39,-47.43,f,,Anya Smillie,2546,,
BU,1951,W-P5-19-36,88950,,-113.436710,55.216010,,721646,2021-06-24 04:00:00,735959,Transcribed,60s,None,WIWR,Winter Wren,TROGLODYTES HIEMALIS,1,3466652,1,Song,50.23,2.11,-46.81,f,,Anya Smillie,2546,,
BU,1951,W-P5-19-36,88950,,-113.436710,55.216010,,721646,2021-06-24 04:00:00,735959,Transcribed,60s,None,TEWA,Tennessee Warbler,LEIOTHYLPIS PEREGRINA,1,3466632,1,Song,2.33,2.85,-41.25,f,,Anya Smillie,2546,,
BU,1951,W-P5-19-36,88950,,-113.436710,55.216010,,721646,2021-06-24 04:00:00,735959,Transcribed,60s,None,TEWA,Tennessee Warbler,LEIOTHYLPIS PEREGRINA,1,3466641,1,Song,36.34,2.85,-37.73,f,,Anya Smillie,2546,,
BU,1951,W-P5-19-36,88950,,-113.436710,55.216010,,721646,2021-06-24 04:00:00,735959,Transcribed,60s,None,TEWA,Tennessee Warbler,LEIOTHYLPIS PEREGRINA,1,3466643,1,Song,45.89,3.68,-37.92,f,,Anya Smillie,2546,,
BU,1951,W-P5-19-36,88950,,-113.436710,55.216010,,721646,2021-06-24 04:00:00,735959,Transcribed,60s,None,WTSP,White-throated Sparrow,ZONOTRICHIA ALBICOLLIS,1,3466648,1,Song,33.33,2.56,-47.52,f,,Anya Smillie,2546,,
BU,1951,W-P5-19-36,88950,,-113.436710,55.216010,,721646,2021-06-24 04:00:00,735959,Transcribed,60s,None,WTSP,White-throated Sparrow,ZONOTRICHIA ALBICOLLIS,1,3466651,1,Song,41.98,3.30,-38.7,f,,Anya Smillie,2546,,
BU,1951,W-P5-19-36,88950,,-113.436710,55.216010,,721646,2021-06-24 04:00:00,735959,Transcribed,60s,None,WTSP,White-throated Sparrow,ZONOTRICHIA ALBICOLLIS,1,3466647,1,Song,24.74,2.38,-40.08,f,,Anya Smillie,2546,,
BU,1951,W-P5-19-36,88950,,-113.436710,55.216010,,721646,2021-06-24 04:00:00,735959,Transcribed,60s,None,WTSP,White-throated Sparrow,ZONOTRICHIA ALBICOLLIS,1,3466645,1,Song,16.96,2.45,-41.77,f,,Anya Smillie,2546,,
BU,1951,W-P5-19-36,88950,,-113.436710,55.216010,,721646,2021-06-24 04:00:00,735959,Transcribed,60s,None,WTSP,White-throated Sparrow,ZONOTRICHIA ALBICOLLIS,1,3466633,1,Song,7.61,3.21,-49.07,f,,Anya Smillie,2546,,
BU,1951,W-P5-19-36,88950,,-113.436710,55.216010,,721646,2021-06-24 04:00:00,735959,Transcribed,60s,None,TEWA,Tennessee Warbler,LEIOTHYLPIS PEREGRINA,1,3467080,1,Song,20.08,2.76,-37.15,f,,Anya Smillie,2546,,
BU,1951,W-P5-19-36,88950,,-113.436710,55.216010,,721646,2021-06-24 04:00:00,735959,Transcribed,60s,None,TEWA,Tennessee Warbler,LEIOTHYLPIS PEREGRINA,1,3467079,1,Song,30.86,2.76,-36.7,f,,Anya Smillie,2546,,
BU,1951,W-P5-19-36,88950,,-113.436710,55.216010,,721646,2021-06-24 04:00:00,735959,Transcribed,60s,None,TEWA,Tennessee Warbler,LEIOTHYLPIS PEREGRINA,1,3467078,1,Song,41.15,2.85,-36.97,f,,Anya Smillie,2546,,
BU,1951,W-P5-19-36,88950,,-113.436710,55.216010,,721646,2021-06-24 04:00:00,735959,Transcribed,60s,None,TEWA,Tennessee Warbler,LEIOTHYLPIS PEREGRINA,1,3467077,1,Song,11.89,2.76,-37,f,,Anya Smillie,2546,,
BU,1951,W-P5-19-36,88950,,-113.436710,55.216010,,721646,2021-06-24 04:00:00,735959,Transcribed,60s,None,TEWA,Tennessee Warbler,LEIOTHYLPIS PEREGRINA,1,3466639,1,Song,24.53,3.05,-37.13,f,,Anya Smillie,2546,,
BU,1951,W-P5-19-36,88950,,-113.436710,55.216010,,721646,2021-06-24 04:00:00,735959,Transcribed,60s,None,TEWA,Tennessee Warbler,LEIOTHYLPIS PEREGRINA,1,3466635,1,Song,16.11,2.69,-38.07,f,,Anya Smillie,2546,,
BU,1951,W-P5-19-36,88950,,-113.436710,55.216010,,721646,2021-06-24 04:00:00,735959,Transcribed,60s,None,WIWR,Winter Wren,TROGLODYTES HIEMALIS,1,3466646,1,Song,14.93,1.41,-48.71,f,,Anya Smillie,2546,,
BU,1951,W-P5-19-36,88950,,-113.436710,55.216010,,721646,2021-06-24 04:00:00,735959,Transcribed,60s,None,WIWR,Winter Wren,TROGLODYTES HIEMALIS,1,3466649,1,Song,0.69,1.98,-46.34,f,,Anya Smillie,2546,,
BU,1951,W-P5-19-36,88950,,-113.436710,55.216010,,721649,2021-06-24 04:20:00,735962,Transcribed,60s,None,TEWA,Tennessee Warbler,LEIOTHYLPIS PEREGRINA,2,3466701,1,Song,22.13,2.40,-51.77,f,,Anya Smillie,2546,,
BU,1951,W-P5-19-36,88950,,-113.436710,55.216010,,721649,2021-06-24 04:20:00,735962,Transcribed,60s,None,WTSP,White-throated Sparrow,ZONOTRICHIA ALBICOLLIS,2,3466687,1,Song,11.45,2.85,-43.43,f,,Anya Smillie,2546,,
BU,1951,W-P5-19-36,88950,,-113.436710,55.216010,,721649,2021-06-24 04:20:00,735962,Transcribed,60s,None,WTSP,White-throated Sparrow,ZONOTRICHIA ALBICOLLIS,2,3466686,1,Song,47.45,3.70,-45.24,f,,Anya Smillie,2546,,
BU,1951,W-P5-19-36,88950,,-113.436710,55.216010,,721649,2021-06-24 04:20:00,735962,Transcribed,60s,None,WTSP,White-throated Sparrow,ZONOTRICHIA ALBICOLLIS,2,3466676,1,Song,29.76,2.54,-47.13,f,,Anya Smillie,2546,,
BU,1951,W-P5-19-36,88950,,-113.436710,55.216010,,721649,2021-06-24 04:20:00,735962,Transcribed,60s,None,WTSP,White-throated Sparrow,ZONOTRICHIA ALBICOLLIS,2,3466678,1,Song,42.79,2.84,-41.68,f,,Anya Smillie,2546,,
BU,1951,W-P5-19-36,88950,,-113.436710,55.216010,,721649,2021-06-24 04:20:00,735962,Transcribed,60s,None,WTSP,White-throated Sparrow,ZONOTRICHIA ALBICOLLIS,1,3466698,1,Song,36.28,3.86,-40,f,,Anya Smillie,2546,,
BU,1951,W-P5-19-36,88950,,-113.436710,55.216010,,721649,2021-06-24 04:20:00,735962,Transcribed,60s,None,WTSP,White-throated Sparrow,ZONOTRICHIA ALBICOLLIS,1,3466697,1,Song,58.54,1.43,-47.3,f,,Anya Smillie,2546,,
BU,1951,W-P5-19-36,88950,,-113.436710,55.216010,,721649,2021-06-24 04:20:00,735962,Transcribed,60s,None,WTSP,White-throated Sparrow,ZONOTRICHIA ALBICOLLIS,1,3466689,1,Song,2.61,2.84,-37.72,f,,Anya Smillie,2546,,
BU,1951,W-P5-19-36,88950,,-113.436710,55.216010,,721649,2021-06-24 04:20:00,735962,Transcribed,60s,None,WTSP,White-throated Sparrow,ZONOTRICHIA ALBICOLLIS,1,3466688,1,Song,12.64,2.96,-36.67,f,,Anya Smillie,2546,,
BU,1951,W-P5-19-36,88950,,-113.436710,55.216010,,721649,2021-06-24 04:20:00,735962,Transcribed,60s,None,TEWA,Tennessee Warbler,LEIOTHYLPIS PEREGRINA,2,3466702,1,Song,28.94,2.16,-50.45,f,,Anya Smillie,2546,,
BU,1951,W-P5-19-36,88950,,-113.436710,55.216010,,721649,2021-06-24 04:20:00,735962,Transcribed,60s,None,TEWA,Tennessee Warbler,LEIOTHYLPIS PEREGRINA,2,3466699,1,Song,8.25,2.20,-46.41,f,,Anya Smillie,2546,,
BU,1951,W-P5-19-36,88950,,-113.436710,55.216010,,721649,2021-06-24 04:20:00,735962,Transcribed,60s,None,TEWA,Tennessee Warbler,LEIOTHYLPIS PEREGRINA,2,3466693,1,Song,40.28,2.53,-49.1,f,,Anya Smillie,2546,,
BU,1951,W-P5-19-36,88950,,-113.436710,55.216010,,721649,2021-06-24 04:20:00,735962,Transcribed,60s,None,TEWA,Tennessee Warbler,LEIOTHYLPIS PEREGRINA,1,3466700,1,Song,11.00,2.03,-44.35,f,,Anya Smillie,2546,,
BU,1951,W-P5-19-36,88950,,-113.436710,55.216010,,721649,2021-06-24 04:20:00,735962,Transcribed,60s,None,TEWA,Tennessee Warbler,LEIOTHYLPIS PEREGRINA,1,3466692,1,Song,34.28,2.69,-46.18,f,,Anya Smillie,2546,,
BU,1951,W-P5-19-36,88950,,-113.436710,55.216010,,721649,2021-06-24 04:20:00,735962,Transcribed,60s,None,TEWA,Tennessee Warbler,LEIOTHYLPIS PEREGRINA,1,3466695,1,Song,53.34,2.34,-38.16,f,,Anya Smillie,2546,,
BU,1951,W-P5-19-36,88950,,-113.436710,55.216010,,721649,2021-06-24 04:20:00,735962,Transcribed,60s,None,TEWA,Tennessee Warbler,LEIOTHYLPIS PEREGRINA,1,3466694,1,Song,43.39,2.54,-42.86,f,,Anya Smillie,2546,,
BU,1951,W-P5-19-36,88950,,-113.436710,55.216010,,721649,2021-06-24 04:20:00,735962,Transcribed,60s,None,TEWA,Tennessee Warbler,LEIOTHYLPIS PEREGRINA,1,3466674,1,Song,4.65,2.89,-48.31,f,,Anya Smillie,2546,,
BU,1951,W-P5-19-36,88950,,-113.436710,55.216010,,721649,2021-06-24 04:20:00,735962,Transcribed,60s,None,TEWA,Tennessee Warbler,LEIOTHYLPIS PEREGRINA,1,3466675,1,Song,16.79,2.18,-46.19,f,,Anya Smillie,2546,,
BU,1951,W-P5-19-36,88950,,-113.436710,55.216010,,721649,2021-06-24 04:20:00,735962,Transcribed,60s,None,WIWR,Winter Wren,TROGLODYTES HIEMALIS,1,3466703,1,Song,51.23,1.94,-49.08,f,,Anya Smillie,2546,,
BU,1951,W-P5-19-36,88950,,-113.436710,55.216010,,721648,2021-06-24 04:40:00,735961,Transcribed,60s,None,TEWA,Tennessee Warbler,LEIOTHYLPIS PEREGRINA,1,3466615,1,Song,16.70,2.38,-43.16,f,,Anya Smillie,2546,,
BU,1951,W-P5-19-36,88950,,-113.436710,55.216010,,721648,2021-06-24 04:40:00,735961,Transcribed,60s,None,TEWA,Tennessee Warbler,LEIOTHYLPIS PEREGRINA,1,3466618,1,Song,27.51,2.55,-48.03,f,,Anya Smillie,2546,,
BU,1951,W-P5-19-36,88950,,-113.436710,55.216010,,721648,2021-06-24 04:40:00,735961,Transcribed,60s,None,TEWA,Tennessee Warbler,LEIOTHYLPIS PEREGRINA,1,3466619,1,Song,33.39,2.63,-45.37,f,,Anya Smillie,2546,,
BU,1951,W-P5-19-36,88950,,-113.436710,55.216010,,721648,2021-06-24 04:40:00,735961,Transcribed,60s,None,TEWA,Tennessee Warbler,LEIOTHYLPIS PEREGRINA,1,3466620,1,Song,39.34,1.95,-38.52,f,,Anya Smillie,2546,,
BU,1951,W-P5-19-36,88950,,-113.436710,55.216010,,721648,2021-06-24 04:40:00,735961,Transcribed,60s,None,TEWA,Tennessee Warbler,LEIOTHYLPIS PEREGRINA,1,3466621,1,Song,45.90,2.45,-39.56,f,,Anya Smillie,2546,,
BU,1951,W-P5-19-36,88950,,-113.436710,55.216010,,721648,2021-06-24 04:40:00,735961,Transcribed,60s,None,TEWA,Tennessee Warbler,LEIOTHYLPIS PEREGRINA,1,3466622,1,Song,52.74,2.68,-42.94,f,,Anya Smillie,2546,,
BU,1951,W-P5-19-36,88950,,-113.436710,55.216010,,721648,2021-06-24 04:40:00,735961,Transcribed,60s,None,TEWA,Tennessee Warbler,LEIOTHYLPIS PEREGRINA,1,3466617,1,Song,22.60,2.74,-38.78,f,,Anya Smillie,2546,,
BU,1951,W-P5-19-36,88950,,-113.436710,55.216010,,721648,2021-06-24 04:40:00,735961,Transcribed,60s,None,TEWA,Tennessee Warbler,LEIOTHYLPIS PEREGRINA,1,3466614,1,Song,10.01,2.84,-47,f,,Anya Smillie,2546,,
BU,1951,W-P5-19-36,88950,,-113.436710,55.216010,,721648,2021-06-24 04:40:00,735961,Transcribed,60s,None,WTSP,White-throated Sparrow,ZONOTRICHIA ALBICOLLIS,1,3466669,1,Song,0.03,3.16,-40.75,f,,Anya Smillie,2546,,
BU,1951,W-P5-19-36,88950,,-113.436710,55.216010,,721648,2021-06-24 04:40:00,735961,Transcribed,60s,None,WTSP,White-throated Sparrow,ZONOTRICHIA ALBICOLLIS,1,3466673,1,Song,43.34,2.63,-43.31,f,,Anya Smillie,2546,,
BU,1951,W-P5-19-36,88950,,-113.436710,55.216010,,721648,2021-06-24 04:40:00,735961,Transcribed,60s,None,WTSP,White-throated Sparrow,ZONOTRICHIA ALBICOLLIS,1,3466671,1,Song,11.61,2.98,-43.2,f,,Anya Smillie,2546,,
BU,1951,W-P5-19-36,88950,,-113.436710,55.216010,,721648,2021-06-24 04:40:00,735961,Transcribed,60s,None,WIWR,Winter Wren,TROGLODYTES HIEMALIS,1,3466670,1,Song,7.74,2.10,-44.29,f,,Anya Smillie,2546,,
BU,1951,W-P5-19-36,88950,,-113.436710,55.216010,,721647,2021-06-24 05:00:00,735960,Transcribed,60s,None,WTSP,White-throated Sparrow,ZONOTRICHIA ALBICOLLIS,1,3466657,1,Song,49.90,3.03,-43.65,f,,Anya Smillie,2546,,
BU,1951,W-P5-19-36,88950,,-113.436710,55.216010,,721647,2021-06-24 05:00:00,735960,Transcribed,60s,None,WTSP,White-throated Sparrow,ZONOTRICHIA ALBICOLLIS,1,3466656,1,Song,39.73,3.31,-47.33,f,,Anya Smillie,2546,,
BU,1951,W-P5-19-36,88950,,-113.436710,55.216010,,721647,2021-06-24 05:00:00,735960,Transcribed,60s,None,WTSP,White-throated Sparrow,ZONOTRICHIA ALBICOLLIS,1,3466655,1,Song,12.51,3.76,-46.35,f,,Anya Smillie,2546,,
BU,1951,W-P5-19-36,88950,,-113.436710,55.216010,,721647,2021-06-24 05:00:00,735960,Transcribed,60s,None,TEWA,Tennessee Warbler,LEIOTHYLPIS PEREGRINA,1,3466666,1,Song,48.18,2.58,-41.62,f,,Anya Smillie,2546,,
BU,1951,W-P5-19-36,88950,,-113.436710,55.216010,,721647,2021-06-24 05:00:00,735960,Transcribed,60s,None,TEWA,Tennessee Warbler,LEIOTHYLPIS PEREGRINA,1,3466662,1,Song,35.98,2.68,-43.19,f,,Anya Smillie,2546,,
BU,1951,W-P5-19-36,88950,,-113.436710,55.216010,,721647,2021-06-24 05:00:00,735960,Transcribed,60s,None,TEWA,Tennessee Warbler,LEIOTHYLPIS PEREGRINA,1,3466663,1,Song,41.93,2.55,-43.33,f,,Anya Smillie,2546,,
BU,1951,W-P5-19-36,88950,,-113.436710,55.216010,,721647,2021-06-24 05:00:00,735960,Transcribed,60s,None,TEWA,Tennessee Warbler,LEIOTHYLPIS PEREGRINA,1,3466667,1,Song,54.38,3.23,-41.44,f,,Anya Smillie,2546,,
BU,1951,W-P5-19-36,88950,,-113.436710,55.216010,,721647,2021-06-24 05:00:00,735960,Transcribed,60s,None,TEWA,Tennessee Warbler,LEIOTHYLPIS PEREGRINA,1,3466660,1,Song,28.83,2.75,-34.75,f,,Anya Smillie,2546,,
BU,1951,W-P5-19-36,88950,,-113.436710,55.216010,,721647,2021-06-24 05:00:00,735960,Transcribed,60s,None,TEWA,Tennessee Warbler,LEIOTHYLPIS PEREGRINA,1,3466659,1,Song,22.25,3.04,-44.66,f,,Anya Smillie,2546,,
BU,1951,W-P5-19-36,88950,,-113.436710,55.216010,,721647,2021-06-24 05:00:00,735960,Transcribed,60s,None,TEWA,Tennessee Warbler,LEIOTHYLPIS PEREGRINA,1,3466654,1,Song,7.78,2.40,-44.26,f,,Anya Smillie,2546,,
BU,1951,W-P5-19-36,88950,,-113.436710,55.216010,,721647,2021-06-24 05:00:00,735960,Transcribed,60s,None,TEWA,Tennessee Warbler,LEIOTHYLPIS PEREGRINA,1,3466653,1,Song,1.60,2.85,-46.12,f,,Anya Smillie,2546,,
BU,1951,W-P5-19-36,88950,,-113.436710,55.216010,,721650,2021-06-24 05:20:00,735963,Transcribed,60s,None,WIWR,Winter Wren,TROGLODYTES HIEMALIS,1,3466704,1,Song,5.81,2.04,-53.94,f,,Anya Smillie,2546,,
BU,1951,W-P5-19-36,88950,,-113.436710,55.216010,,721650,2021-06-24 05:20:00,735963,Transcribed,60s,None,WIWR,Winter Wren,TROGLODYTES HIEMALIS,1,3466705,1,Song,17.43,2.19,-52.73,f,,Anya Smillie,2546,,
BU,1951,W-P5-19-36,88950,,-113.436710,55.216010,,721650,2021-06-24 05:20:00,735963,Transcribed,60s,None,WIWR,Winter Wren,TROGLODYTES HIEMALIS,1,3466707,1,Song,30.68,1.89,-53.01,f,,Anya Smillie,2546,,
BU,1951,W-P5-19-36,88950,,-113.436710,55.216010,,721650,2021-06-24 05:20:00,735963,Transcribed,60s,None,WIWR,Winter Wren,TROGLODYTES HIEMALIS,1,3466709,1,Song,48.89,2.54,-54.31,f,,Anya Smillie,2546,,
BU,1951,W-P5-19-36,88950,,-113.436710,55.216010,,721650,2021-06-24 05:20:00,735963,Transcribed,60s,None,WTSP,White-throated Sparrow,ZONOTRICHIA ALBICOLLIS,1,3466706,1,Song,19.86,2.23,-52.22,f,,Anya Smillie,2546,,
BU,1951,W-P5-19-36,88950,,-113.436710,55.216010,,721650,2021-06-24 05:20:00,735963,Transcribed,60s,None,WTSP,White-throated Sparrow,ZONOTRICHIA ALBICOLLIS,1,3466708,1,Song,56.64,3.35,-48,f,,Anya Smillie,2546,,
BU,1951,W-P5-19-36,88950,,-113.436710,55.216010,,721651,2021-06-24 05:40:00,735964,Transcribed,60s,None,WTSP,White-throated Sparrow,ZONOTRICHIA ALBICOLLIS,1,3466717,1,Song,46.76,2.83,-50.67,f,,Anya Smillie,2546,,
BU,1951,W-P5-19-36,88950,,-113.436710,55.216010,,721651,2021-06-24 05:40:00,735964,Transcribed,60s,None,TEWA,Tennessee Warbler,LEIOTHYLPIS PEREGRINA,1,3466711,1,Song,0.31,2.56,-48.82,f,,Anya Smillie,2546,,
BU,1951,W-P5-19-36,88950,,-113.436710,55.216010,,721651,2021-06-24 05:40:00,735964,Transcribed,60s,None,TEWA,Tennessee Warbler,LEIOTHYLPIS PEREGRINA,1,3466712,1,Song,15.20,2.51,-40.62,f,,Anya Smillie,2546,,
BU,1951,W-P5-19-36,88950,,-113.436710,55.216010,,721651,2021-06-24 05:40:00,735964,Transcribed,60s,None,TEWA,Tennessee Warbler,LEIOTHYLPIS PEREGRINA,1,3466713,1,Song,27.38,2.56,-50.49,f,,Anya Smillie,2546,,
BU,1951,W-P5-19-36,88950,,-113.436710,55.216010,,721651,2021-06-24 05:40:00,735964,Transcribed,60s,None,TEWA,Tennessee Warbler,LEIOTHYLPIS PEREGRINA,1,3466715,1,Song,40.75,2.94,-50.05,f,,Anya Smillie,2546,,
BU,1951,W-P5-19-36,88950,,-113.436710,55.216010,,721651,2021-06-24 05:40:00,735964,Transcribed,60s,None,TEWA,Tennessee Warbler,LEIOTHYLPIS PEREGRINA,1,3466716,1,Song,50.15,2.95,-36.76,f,,Anya Smillie,2546,,
BU,1951,W-P5-19-36,88950,,-113.436710,55.216010,,721651,2021-06-24 05:40:00,735964,Transcribed,60s,None,TEWA,Tennessee Warbler,LEIOTHYLPIS PEREGRINA,1,3466718,1,Song,57.51,2.19,-51.79,f,,Anya Smillie,2546,,
BU,1951,W-P5-19-36,88950,,-113.436710,55.216010,,721651,2021-06-24 05:40:00,735964,Transcribed,60s,None,WTSP,White-throated Sparrow,ZONOTRICHIA ALBICOLLIS,1,3466710,1,Song,4.31,4.31,-47.27,f,,Anya Smillie,2546,,
BU,1951,W-P5-19-36,88950,,-113.436710,55.216010,,721652,2021-06-24 06:00:00,735965,Transcribed,60s,None,WTSP,White-throated Sparrow,ZONOTRICHIA ALBICOLLIS,1,3466719,1,Song,8.05,2.35,-52.65,f,,Anya Smillie,2546,,
BU,1951,W-P5-19-36,88950,,-113.436710,55.216010,,721652,2021-06-24 06:00:00,735965,Transcribed,60s,None,WIWR,Winter Wren,TROGLODYTES HIEMALIS,1,3466723,1,Song,51.24,1.96,-51.66,f,,Anya Smillie,2546,,
BU,1951,W-P5-19-36,88950,,-113.436710,55.216010,,721652,2021-06-24 06:00:00,735965,Transcribed,60s,None,WIWR,Winter Wren,TROGLODYTES HIEMALIS,1,3466721,1,Song,31.86,1.89,-51.53,f,,Anya Smillie,2546,,
BU,1951,W-P5-19-36,88950,,-113.436710,55.216010,,721652,2021-06-24 06:00:00,735965,Transcribed,60s,None,WIWR,Winter Wren,TROGLODYTES HIEMALIS,1,3466720,1,Song,14.13,2.24,-52.55,f,,Anya Smillie,2546,,
BU,1951,W-P5-19-36,88950,,-113.436710,55.216010,,721652,2021-06-24 06:00:00,735965,Transcribed,60s,None,WTSP,White-throated Sparrow,ZONOTRICHIA ALBICOLLIS,1,3466722,1,Song,34.65,2.49,-53.94,f,,Anya Smillie,2546,,
BU,1951,W-P5-19-36,88950,,-113.436710,55.216010,,721653,2021-06-24 06:20:00,735966,Transcribed,60s,None,TEWA,Tennessee Warbler,LEIOTHYLPIS PEREGRINA,1,3466727,1,Song,26.30,2.41,-38.32,f,,Anya Smillie,2546,,
BU,1951,W-P5-19-36,88950,,-113.436710,55.216010,,721653,2021-06-24 06:20:00,735966,Transcribed,60s,None,WTSP,White-throated Sparrow,ZONOTRICHIA ALBICOLLIS,1,3466730,1,Song,46.53,2.98,-46.43,f,,Anya Smillie,2546,,
BU,1951,W-P5-19-36,88950,,-113.436710,55.216010,,721653,2021-06-24 06:20:00,735966,Transcribed,60s,None,TEWA,Tennessee Warbler,LEIOTHYLPIS PEREGRINA,1,3466731,1,Song,52.06,3.11,-39.18,f,,Anya Smillie,2546,,
BU,1951,W-P5-19-36,88950,,-113.436710,55.216010,,721653,2021-06-24 06:20:00,735966,Transcribed,60s,None,TEWA,Tennessee Warbler,LEIOTHYLPIS PEREGRINA,1,3466729,1,Song,43.38,2.61,-39.77,f,,Anya Smillie,2546,,
BU,1951,W-P5-19-36,88950,,-113.436710,55.216010,,721653,2021-06-24 06:20:00,735966,Transcribed,60s,None,WIWR,Winter Wren,TROGLODYTES HIEMALIS,1,3466725,1,Song,9.40,2.31,-50.04,f,,Anya Smillie,2546,,
BU,1951,W-P5-19-36,88950,,-113.436710,55.216010,,721653,2021-06-24 06:20:00,735966,Transcribed,60s,None,TEWA,Tennessee Warbler,LEIOTHYLPIS PEREGRINA,1,3466724,1,Song,4.45,2.81,-38.52,f,,Anya Smillie,2546,,
BU,1951,W-P5-19-36,88950,,-113.436710,55.216010,,721653,2021-06-24 06:20:00,735966,Transcribed,60s,None,TEWA,Tennessee Warbler,LEIOTHYLPIS PEREGRINA,1,3466726,1,Song,17.30,2.71,-40.95,f,,Anya Smillie,2546,,
BU,1951,W-P5-19-36,88950,,-113.436710,55.216010,,721653,2021-06-24 06:20:00,735966,Transcribed,60s,None,TEWA,Tennessee Warbler,LEIOTHYLPIS PEREGRINA,1,3466728,1,Song,33.91,2.70,-40.06,f,,Anya Smillie,2546,,
BU,1951,W-P5-19-36,88950,,-113.436710,55.216010,,721654,2021-06-24 06:40:00,735967,Transcribed,60s,None,WTSP,White-throated Sparrow,ZONOTRICHIA ALBICOLLIS,1,3466736,1,Song,48.64,3.16,-59.11,f,,Anya Smillie,2546,,
BU,1951,W-P5-19-36,88950,,-113.436710,55.216010,,721654,2021-06-24 06:40:00,735967,Transcribed,60s,None,WTSP,White-throated Sparrow,ZONOTRICHIA ALBICOLLIS,1,3466735,1,Song,32.33,2.40,-58.27,f,,Anya Smillie,2546,,
BU,1951,W-P5-19-36,88950,,-113.436710,55.216010,,721654,2021-06-24 06:40:00,735967,Transcribed,60s,None,WTSP,White-throated Sparrow,ZONOTRICHIA ALBICOLLIS,1,3466733,1,Song,20.94,2.35,-58.39,f,,Anya Smillie,2546,,
BU,1951,W-P5-19-36,88950,,-113.436710,55.216010,,721654,2021-06-24 06:40:00,735967,Transcribed,60s,None,TEWA,Tennessee Warbler,LEIOTHYLPIS PEREGRINA,1,3466732,1,Song,14.38,2.83,-52.65,f,,Anya Smillie,2546,,
BU,1951,W-P5-19-36,88950,,-113.436710,55.216010,,721656,2021-06-24 07:00:00,735969,Transcribed,60s,None,BTNW,Black-throated Green Warbler,SETOPHAGA VIRENS,1,3466759,1,Song,33.94,1.88,-39.87,f,,Anya Smillie,2546,,
BU,1951,W-P5-19-36,88950,,-113.436710,55.216010,,721656,2021-06-24 07:00:00,735969,Transcribed,60s,None,BTNW,Black-throated Green Warbler,SETOPHAGA VIRENS,1,3466747,1,Song,2.98,2.04,-41.23,f,,Anya Smillie,2546,,
BU,1951,W-P5-19-36,88950,,-113.436710,55.216010,,721656,2021-06-24 07:00:00,735969,Transcribed,60s,None,BTNW,Black-throated Green Warbler,SETOPHAGA VIRENS,1,3466748,1,Song,9.30,1.96,-45.51,f,,Anya Smillie,2546,,
BU,1951,W-P5-19-36,88950,,-113.436710,55.216010,,721656,2021-06-24 07:00:00,735969,Transcribed,60s,None,BTNW,Black-throated Green Warbler,SETOPHAGA VIRENS,1,3466749,1,Song,15.00,1.56,-42.36,f,,Anya Smillie,2546,,
BU,1951,W-P5-19-36,88950,,-113.436710,55.216010,,721656,2021-06-24 07:00:00,735969,Transcribed,60s,None,BTNW,Black-throated Green Warbler,SETOPHAGA VIRENS,1,3466750,1,Song,22.34,1.38,-45.56,f,,Anya Smillie,2546,,
BU,1951,W-P5-19-36,88950,,-113.436710,55.216010,,721656,2021-06-24 07:00:00,735969,Transcribed,60s,None,BTNW,Black-throated Green Warbler,SETOPHAGA VIRENS,1,3466757,1,Song,28.28,1.39,-41.83,f,,Anya Smillie,2546,,
BU,1951,W-P5-19-36,88950,,-113.436710,55.216010,,721656,2021-06-24 07:00:00,735969,Transcribed,60s,None,TEWA,Tennessee Warbler,LEIOTHYLPIS PEREGRINA,1,3466758,1,Song,35.25,2.43,-45.68,f,,Anya Smillie,2546,,
BU,1951,W-P5-19-36,88950,,-113.436710,55.216010,,721656,2021-06-24 07:00:00,735969,Transcribed,60s,None,BTNW,Black-throated Green Warbler,SETOPHAGA VIRENS,1,3466760,1,Song,40.73,1.84,-40.63,f,,Anya Smillie,2546,,
BU,1951,W-P5-19-36,88950,,-113.436710,55.216010,,721656,2021-06-24 07:00:00,735969,Transcribed,60s,None,BTNW,Black-throated Green Warbler,SETOPHAGA VIRENS,1,3466761,1,Song,47.44,2.01,-40.2,f,,Anya Smillie,2546,,
BU,1951,W-P5-19-36,88950,,-113.436710,55.216010,,721656,2021-06-24 07:00:00,735969,Transcribed,60s,None,BTNW,Black-throated Green Warbler,SETOPHAGA VIRENS,1,3466764,1,Song,56.49,1.63,-38.97,f,,Anya Smillie,2546,,
BU,1951,W-P5-19-36,88950,,-113.436710,55.216010,,721656,2021-06-24 07:00:00,735969,Transcribed,60s,None,TEWA,Tennessee Warbler,LEIOTHYLPIS PEREGRINA,1,3466756,1,Song,25.34,2.39,-52.72,f,,Anya Smillie,2546,,
BU,1951,W-P5-19-36,88950,,-113.436710,55.216010,,721656,2021-06-24 07:00:00,735969,Transcribed,60s,None,TEWA,Tennessee Warbler,LEIOTHYLPIS PEREGRINA,1,3466763,1,Song,58.11,1.86,-43.69,f,,Anya Smillie,2546,,
BU,1951,W-P5-19-36,88950,,-113.436710,55.216010,,721656,2021-06-24 07:00:00,735969,Transcribed,60s,None,TEWA,Tennessee Warbler,LEIOTHYLPIS PEREGRINA,1,3466762,1,Song,50.13,2.79,-43.88,f,,Anya Smillie,2546,,
BU,1951,W-P5-19-36,88950,,-113.436710,55.216010,,721655,2021-06-24 07:20:00,735968,Transcribed,60s,None,WIWR,Winter Wren,TROGLODYTES HIEMALIS,1,3466743,1,Song,16.95,9.89,-10.29,f,,Anya Smillie,2546,,
BU,1951,W-P5-19-36,88950,,-113.436710,55.216010,,721655,2021-06-24 07:20:00,735968,Transcribed,60s,None,WTSP,White-throated Sparrow,ZONOTRICHIA ALBICOLLIS,1,3466744,1,Song,38.63,3.70,-49.68,f,,Anya Smillie,2546,,
BU,1951,W-P5-19-36,88950,,-113.436710,55.216010,,721655,2021-06-24 07:20:00,735968,Transcribed,60s,None,WIWR,Winter Wren,TROGLODYTES HIEMALIS,1,3466745,1,Song,53.35,2.10,-49.53,f,,Anya Smillie,2546,,
BU,1951,W-P5-19-36,88950,,-113.436710,55.216010,,721657,2021-06-24 07:40:00,735970,Transcribed,60s,None,NONE,NONE,"",,,,,,,,,,Anya Smillie,2546,,
BU,1951,W-P5-19-36,88950,,-113.436710,55.216010,,721658,2021-06-24 08:00:00,735971,Transcribed,60s,None,TEWA,Tennessee Warbler,LEIOTHYLPIS PEREGRINA,1,3466776,1,Song,24.34,2.58,-42.11,f,,Anya Smillie,2546,,
BU,1951,W-P5-19-36,88950,,-113.436710,55.216010,,721658,2021-06-24 08:00:00,735971,Transcribed,60s,None,TEWA,Tennessee Warbler,LEIOTHYLPIS PEREGRINA,1,3466775,1,Song,18.49,2.84,-46.7,f,,Anya Smillie,2546,,
BU,1951,W-P5-19-36,88950,,-113.436710,55.216010,,721658,2021-06-24 08:00:00,735971,Transcribed,60s,None,TEWA,Tennessee Warbler,LEIOTHYLPIS PEREGRINA,1,3466772,1,Song,50.39,2.45,-51.36,f,,Anya Smillie,2546,,
BU,1951,W-P5-19-36,88950,,-113.436710,55.216010,,721658,2021-06-24 08:00:00,735971,Transcribed,60s,None,TEWA,Tennessee Warbler,LEIOTHYLPIS PEREGRINA,1,3466770,1,Song,31.50,2.90,-49.48,f,,Anya Smillie,2546,,
BU,1951,W-P5-19-36,88950,,-113.436710,55.216010,,721658,2021-06-24 08:00:00,735971,Transcribed,60s,None,TEWA,Tennessee Warbler,LEIOTHYLPIS PEREGRINA,1,3466766,1,Song,7.50,2.64,-47.28,f,,Anya Smillie,2546,,
BU,1951,W-P5-19-36,88950,,-113.436710,55.216010,,721658,2021-06-24 08:00:00,735971,Transcribed,60s,None,BTNW,Black-throated Green Warbler,SETOPHAGA VIRENS,1,3466777,1,Song,41.14,1.98,-40.14,f,,Anya Smillie,2546,,
BU,1951,W-P5-19-36,88950,,-113.436710,55.216010,,721658,2021-06-24 08:00:00,735971,Transcribed,60s,None,BTNW,Black-throated Green Warbler,SETOPHAGA VIRENS,1,3466774,1,Song,57.26,1.80,-36.78,f,,Anya Smillie,2546,,
BU,1951,W-P5-19-36,88950,,-113.436710,55.216010,,721658,2021-06-24 08:00:00,735971,Transcribed,60s,None,BTNW,Black-throated Green Warbler,SETOPHAGA VIRENS,1,3466769,1,Song,25.93,2.01,-41.98,f,,Anya Smillie,2546,,
BU,1951,W-P5-19-36,88950,,-113.436710,55.216010,,721658,2021-06-24 08:00:00,735971,Transcribed,60s,None,BTNW,Black-throated Green Warbler,SETOPHAGA VIRENS,1,3466765,1,Song,5.18,1.66,-43.44,f,,Anya Smillie,2546,,
BU,1951,W-P5-19-36,88950,,-113.436710,55.216010,,721658,2021-06-24 08:00:00,735971,Transcribed,60s,None,WTSP,White-throated Sparrow,ZONOTRICHIA ALBICOLLIS,1,3466767,1,Song,19.35,4.20,-45.57,f,,Anya Smillie,2546,,
BU,1951,W-P5-19-36,88950,,-113.436710,55.216010,,721660,2021-06-24 08:20:00,735973,Transcribed,60s,None,TEWA,Tennessee Warbler,LEIOTHYLPIS PEREGRINA,1,3466798,1,Song,55.50,2.91,-31.24,f,,Anya Smillie,2546,,
BU,1951,W-P5-19-36,88950,,-113.436710,55.216010,,721660,2021-06-24 08:20:00,735973,Transcribed,60s,None,TEWA,Tennessee Warbler,LEIOTHYLPIS PEREGRINA,1,3466794,1,Song,27.64,2.88,-34.8,f,,Anya Smillie,2546,,
BU,1951,W-P5-19-36,88950,,-113.436710,55.216010,,721660,2021-06-24 08:20:00,735973,Transcribed,60s,None,TEWA,Tennessee Warbler,LEIOTHYLPIS PEREGRINA,1,3466793,1,Song,21.96,2.46,-34.08,f,,Anya Smillie,2546,,
BU,1951,W-P5-19-36,88950,,-113.436710,55.216010,,721660,2021-06-24 08:20:00,735973,Transcribed,60s,None,TEWA,Tennessee Warbler,LEIOTHYLPIS PEREGRINA,1,3466792,1,Song,15.53,2.68,-29.93,f,,Anya Smillie,2546,,
BU,1951,W-P5-19-36,88950,,-113.436710,55.216010,,721660,2021-06-24 08:20:00,735973,Transcribed,60s,None,TEWA,Tennessee Warbler,LEIOTHYLPIS PEREGRINA,1,3466791,1,Song,9.29,3.21,-30.42,f,,Anya Smillie,2546,,
BU,1951,W-P5-19-36,88950,,-113.436710,55.216010,,721660,2021-06-24 08:20:00,735973,Transcribed,60s,None,TEWA,Tennessee Warbler,LEIOTHYLPIS PEREGRINA,1,3466790,1,Song,3.01,2.96,-29.53,f,,Anya Smillie,2546,,
BU,1951,W-P5-19-36,88950,,-113.436710,55.216010,,721660,2021-06-24 08:20:00,735973,Transcribed,60s,None,TEWA,Tennessee Warbler,LEIOTHYLPIS PEREGRINA,1,3466796,1,Song,42.70,2.55,-31.18,f,,Anya Smillie,2546,,
BU,1951,W-P5-19-36,88950,,-113.436710,55.216010,,721660,2021-06-24 08:20:00,735973,Transcribed,60s,None,TEWA,Tennessee Warbler,LEIOTHYLPIS PEREGRINA,1,3466797,1,Song,48.94,2.95,-32.06,f,,Anya Smillie,2546,,
BU,1951,W-P5-19-36,88950,,-113.436710,55.216010,,721660,2021-06-24 08:20:00,735973,Transcribed,60s,None,TEWA,Tennessee Warbler,LEIOTHYLPIS PEREGRINA,1,3466795,1,Song,34.23,2.79,-34.19,f,,Anya Smillie,2546,,
BU,1951,W-P5-19-36,88950,,-113.436710,55.216010,,721659,2021-06-24 08:40:00,735972,Transcribed,60s,None,TEWA,Tennessee Warbler,LEIOTHYLPIS PEREGRINA,1,3466789,1,Song,52.96,2.94,-34.11,f,,Anya Smillie,2546,,
BU,1951,W-P5-19-36,88950,,-113.436710,55.216010,,721659,2021-06-24 08:40:00,735972,Transcribed,60s,None,TEWA,Tennessee Warbler,LEIOTHYLPIS PEREGRINA,1,3466781,1,Song,4.56,3.28,-33.78,f,,Anya Smillie,2546,,
BU,1951,W-P5-19-36,88950,,-113.436710,55.216010,,721659,2021-06-24 08:40:00,735972,Transcribed,60s,None,TEWA,Tennessee Warbler,LEIOTHYLPIS PEREGRINA,1,3466782,1,Song,11.61,2.89,-34.04,f,,Anya Smillie,2546,,
BU,1951,W-P5-19-36,88950,,-113.436710,55.216010,,721659,2021-06-24 08:40:00,735972,Transcribed,60s,None,TEWA,Tennessee Warbler,LEIOTHYLPIS PEREGRINA,1,3466783,1,Song,18.61,2.66,-33.6,f,,Anya Smillie,2546,,
BU,1951,W-P5-19-36,88950,,-113.436710,55.216010,,721659,2021-06-24 08:40:00,735972,Transcribed,60s,None,TEWA,Tennessee Warbler,LEIOTHYLPIS PEREGRINA,1,3466784,1,Song,26.25,2.54,-32.67,f,,Anya Smillie,2546,,
BU,1951,W-P5-19-36,88950,,-113.436710,55.216010,,721659,2021-06-24 08:40:00,735972,Transcribed,60s,None,TEWA,Tennessee Warbler,LEIOTHYLPIS PEREGRINA,1,3466788,1,Song,46.15,2.73,-32.31,f,,Anya Smillie,2546,,
BU,1951,W-P5-19-36,88950,,-113.436710,55.216010,,721659,2021-06-24 08:40:00,735972,Transcribed,60s,None,TEWA,Tennessee Warbler,LEIOTHYLPIS PEREGRINA,1,3466787,1,Song,40.24,2.14,-31.12,f,,Anya Smillie,2546,,
BU,1951,W-P5-19-36,88950,,-113.436710,55.216010,,721659,2021-06-24 08:40:00,735972,Transcribed,60s,None,TEWA,Tennessee Warbler,LEIOTHYLPIS PEREGRINA,1,3466786,1,Song,32.83,2.95,-34.13,f,,Anya Smillie,2546,,
BU,1951,W-P5-19-36,88950,,-113.436710,55.216010,,721661,2021-06-24 09:00:00,735974,Transcribed,60s,None,TEWA,Tennessee Warbler,LEIOTHYLPIS PEREGRINA,1,3466809,1,Song,54.78,2.29,-39.27,f,,Anya Smillie,2546,,
BU,1951,W-P5-19-36,88950,,-113.436710,55.216010,,721661,2021-06-24 09:00:00,735974,Transcribed,60s,None,TEWA,Tennessee Warbler,LEIOTHYLPIS PEREGRINA,2,3466800,1,Song,6.16,2.19,-47.8,f,,Anya Smillie,2546,,
BU,1951,W-P5-19-36,88950,,-113.436710,55.216010,,721661,2021-06-24 09:00:00,735974,Transcribed,60s,None,TEWA,Tennessee Warbler,LEIOTHYLPIS PEREGRINA,2,3466802,1,Song,15.69,1.78,-47.38,f,,Anya Smillie,2546,,
BU,1951,W-P5-19-36,88950,,-113.436710,55.216010,,721661,2021-06-24 09:00:00,735974,Transcribed,60s,None,TEWA,Tennessee Warbler,LEIOTHYLPIS PEREGRINA,2,3466805,1,Song,30.41,2.40,-43.09,f,,Anya Smillie,2546,,
BU,1951,W-P5-19-36,88950,,-113.436710,55.216010,,721661,2021-06-24 09:00:00,735974,Transcribed,60s,None,TEWA,Tennessee Warbler,LEIOTHYLPIS PEREGRINA,2,3466810,1,Song,57.40,1.60,-50.03,f,,Anya Smillie,2546,,
BU,1951,W-P5-19-36,88950,,-113.436710,55.216010,,721661,2021-06-24 09:00:00,735974,Transcribed,60s,None,TEWA,Tennessee Warbler,LEIOTHYLPIS PEREGRINA,1,3466808,1,Song,47.35,2.70,-35.41,f,,Anya Smillie,2546,,
BU,1951,W-P5-19-36,88950,,-113.436710,55.216010,,721661,2021-06-24 09:00:00,735974,Transcribed,60s,None,TEWA,Tennessee Warbler,LEIOTHYLPIS PEREGRINA,1,3466807,1,Song,39.49,2.29,-34.89,f,,Anya Smillie,2546,,
BU,1951,W-P5-19-36,88950,,-113.436710,55.216010,,721661,2021-06-24 09:00:00,735974,Transcribed,60s,None,TEWA,Tennessee Warbler,LEIOTHYLPIS PEREGRINA,1,3466806,1,Song,33.09,2.48,-34.56,f,,Anya Smillie,2546,,
BU,1951,W-P5-19-36,88950,,-113.436710,55.216010,,721661,2021-06-24 09:00:00,735974,Transcribed,60s,None,TEWA,Tennessee Warbler,LEIOTHYLPIS PEREGRINA,1,3466804,1,Song,26.04,2.51,-34.27,f,,Anya Smillie,2546,,
BU,1951,W-P5-19-36,88950,,-113.436710,55.216010,,721661,2021-06-24 09:00:00,735974,Transcribed,60s,None,TEWA,Tennessee Warbler,LEIOTHYLPIS PEREGRINA,1,3466803,1,Song,19.04,2.26,-33.44,f,,Anya Smillie,2546,,
BU,1951,W-P5-19-36,88950,,-113.436710,55.216010,,721661,2021-06-24 09:00:00,735974,Transcribed,60s,None,TEWA,Tennessee Warbler,LEIOTHYLPIS PEREGRINA,1,3466801,1,Song,10.11,3.18,-33.56,f,,Anya Smillie,2546,,
BU,1951,W-P5-19-36,88950,,-113.436710,55.216010,,721661,2021-06-24 09:00:00,735974,Transcribed,60s,None,TEWA,Tennessee Warbler,LEIOTHYLPIS PEREGRINA,1,3466799,1,Song,2.98,3.08,-33.89,f,,Anya Smillie,2546,,
BU,1951,W-P5-19-36,88950,,-113.436710,55.216010,,721662,2021-06-24 09:20:00,735975,Transcribed,60s,None,TEWA,Tennessee Warbler,LEIOTHYLPIS PEREGRINA,1,3466819,1,Song,45.65,3.03,-33.84,f,,Anya Smillie,2546,,
BU,1951,W-P5-19-36,88950,,-113.436710,55.216010,,721662,2021-06-24 09:20:00,735975,Transcribed,60s,None,TEWA,Tennessee Warbler,LEIOTHYLPIS PEREGRINA,1,3466820,1,Song,53.03,2.95,-33.78,f,,Anya Smillie,2546,,
BU,1951,W-P5-19-36,88950,,-113.436710,55.216010,,721662,2021-06-24 09:20:00,735975,Transcribed,60s,None,WTSP,White-throated Sparrow,ZONOTRICHIA ALBICOLLIS,1,3466815,1,Song,24.80,3.33,-40.11,f,,Anya Smillie,2546,,
BU,1951,W-P5-19-36,88950,,-113.436710,55.216010,,721662,2021-06-24 09:20:00,735975,Transcribed,60s,None,TEWA,Tennessee Warbler,LEIOTHYLPIS PEREGRINA,1,3466811,1,Song,0.68,3.48,-31.33,f,,Anya Smillie,2546,,
BU,1951,W-P5-19-36,88950,,-113.436710,55.216010,,721662,2021-06-24 09:20:00,735975,Transcribed,60s,None,TEWA,Tennessee Warbler,LEIOTHYLPIS PEREGRINA,1,3466812,1,Song,6.34,3.15,-31.86,f,,Anya Smillie,2546,,
BU,1951,W-P5-19-36,88950,,-113.436710,55.216010,,721662,2021-06-24 09:20:00,735975,Transcribed,60s,None,TEWA,Tennessee Warbler,LEIOTHYLPIS PEREGRINA,1,3466813,1,Song,13.40,3.01,-32.71,f,,Anya Smillie,2546,,
BU,1951,W-P5-19-36,88950,,-113.436710,55.216010,,721662,2021-06-24 09:20:00,735975,Transcribed,60s,None,TEWA,Tennessee Warbler,LEIOTHYLPIS PEREGRINA,1,3466814,1,Song,19.39,2.63,-34.21,f,,Anya Smillie,2546,,
BU,1951,W-P5-19-36,88950,,-113.436710,55.216010,,721662,2021-06-24 09:20:00,735975,Transcribed,60s,None,TEWA,Tennessee Warbler,LEIOTHYLPIS PEREGRINA,1,3466816,1,Song,26.10,3.13,-34.66,f,,Anya Smillie,2546,,
BU,1951,W-P5-19-36,88950,,-113.436710,55.216010,,721662,2021-06-24 09:20:00,735975,Transcribed,60s,None,TEWA,Tennessee Warbler,LEIOTHYLPIS PEREGRINA,1,3466817,1,Song,32.09,2.64,-33.56,f,,Anya Smillie,2546,,
BU,1951,W-P5-19-36,88950,,-113.436710,55.216010,,721662,2021-06-24 09:20:00,735975,Transcribed,60s,None,TEWA,Tennessee Warbler,LEIOTHYLPIS PEREGRINA,1,3466818,1,Song,39.10,2.65,-32.89,f,,Anya Smillie,2546,,
BU,1951,W-P5-19-36,88950,,-113.436710,55.216010,,721663,2021-06-24 09:40:00,735976,Transcribed,60s,None,WIWR,Winter Wren,TROGLODYTES HIEMALIS,1,3466627,1,Song,20.64,1.93,-44.97,f,,Anya Smillie,2546,,
BU,1951,W-P5-19-36,88950,,-113.436710,55.216010,,721663,2021-06-24 09:40:00,735976,Transcribed,60s,None,TEWA,Tennessee Warbler,LEIOTHYLPIS PEREGRINA,1,3466603,1,Song,0.96,2.93,-28.7,f,,Anya Smillie,2546,,
BU,1951,W-P5-19-36,88950,,-113.436710,55.216010,,721663,2021-06-24 09:40:00,735976,Transcribed,60s,None,TEWA,Tennessee Warbler,LEIOTHYLPIS PEREGRINA,1,3466604,1,Song,6.45,3.51,-22.89,f,,Anya Smillie,2546,,
BU,1951,W-P5-19-36,88950,,-113.436710,55.216010,,721663,2021-06-24 09:40:00,735976,Transcribed,60s,None,TEWA,Tennessee Warbler,LEIOTHYLPIS PEREGRINA,1,3466605,1,Song,11.75,2.86,-29.82,f,,Anya Smillie,2546,,
BU,1951,W-P5-19-36,88950,,-113.436710,55.216010,,721663,2021-06-24 09:40:00,735976,Transcribed,60s,None,TEWA,Tennessee Warbler,LEIOTHYLPIS PEREGRINA,1,3466606,1,Song,17.00,3.23,-29.87,f,,Anya Smillie,2546,,
BU,1951,W-P5-19-36,88950,,-113.436710,55.216010,,721663,2021-06-24 09:40:00,735976,Transcribed,60s,None,TEWA,Tennessee Warbler,LEIOTHYLPIS PEREGRINA,1,3466613,1,Song,55.24,2.98,-31.06,f,,Anya Smillie,2546,,
BU,1951,W-P5-19-36,88950,,-113.436710,55.216010,,721663,2021-06-24 09:40:00,735976,Transcribed,60s,None,TEWA,Tennessee Warbler,LEIOTHYLPIS PEREGRINA,1,3466612,1,Song,48.69,3.03,-29.97,f,,Anya Smillie,2546,,
BU,1951,W-P5-19-36,88950,,-113.436710,55.216010,,721663,2021-06-24 09:40:00,735976,Transcribed,60s,None,TEWA,Tennessee Warbler,LEIOTHYLPIS PEREGRINA,1,3466611,1,Song,41.75,3.51,-29.71,f,,Anya Smillie,2546,,
BU,1951,W-P5-19-36,88950,,-113.436710,55.216010,,721663,2021-06-24 09:40:00,735976,Transcribed,60s,None,TEWA,Tennessee Warbler,LEIOTHYLPIS PEREGRINA,1,3466607,1,Song,22.54,3.54,-29.37,f,,Anya Smillie,2546,,
BU,1951,W-P5-19-36,88950,,-113.436710,55.216010,,721663,2021-06-24 09:40:00,735976,Transcribed,60s,None,TEWA,Tennessee Warbler,LEIOTHYLPIS PEREGRINA,1,3466609,1,Song,29.43,2.48,-19.47,f,,Anya Smillie,2546,,
BU,1951,W-P5-19-36,88950,,-113.436710,55.216010,,721663,2021-06-24 09:40:00,735976,Transcribed,60s,None,TEWA,Tennessee Warbler,LEIOTHYLPIS PEREGRINA,1,3466610,1,Song,34.90,2.80,-30.63,f,,Anya Smillie,2546,,
BU,1951,W-P5-19-36,88950,,-113.436710,55.216010,,721663,2021-06-24 09:40:00,735976,Transcribed,60s,None,WIWR,Winter Wren,TROGLODYTES HIEMALIS,1,3466624,1,Song,38.00,2.63,-46.24,f,,Anya Smillie,2546,,
BU,1951,W-P5-19-36,88950,,-113.436710,55.216010,,721663,2021-06-24 09:40:00,735976,Transcribed,60s,None,WIWR,Winter Wren,TROGLODYTES HIEMALIS,1,3466625,1,Song,32.14,2.58,-45.95,f,,Anya Smillie,2546,,
BU,1951,W-P5-19-36,88950,,-113.436710,55.216010,,721663,2021-06-24 09:40:00,735976,Transcribed,60s,None,WIWR,Winter Wren,TROGLODYTES HIEMALIS,1,3466626,1,Song,51.99,2.61,-44.69,f,,Anya Smillie,2546,,
BU,1951,W-P5-19-36,88950,,-113.436710,55.216010,,721664,2021-06-24 10:00:00,735977,Transcribed,60s,None,BTNW,Black-throated Green Warbler,SETOPHAGA VIRENS,1,3466821,1,Song,0.63,2.04,-36.94,f,,Anya Smillie,2546,,
BU,1951,W-P5-19-36,88950,,-113.436710,55.216010,,721664,2021-06-24 10:00:00,735977,Transcribed,60s,None,TEWA,Tennessee Warbler,LEIOTHYLPIS PEREGRINA,1,3466828,1,Song,50.25,3.11,-28.07,f,,Anya Smillie,2546,,
BU,1951,W-P5-19-36,88950,,-113.436710,55.216010,,721664,2021-06-24 10:00:00,735977,Transcribed,60s,None,TEWA,Tennessee Warbler,LEIOTHYLPIS PEREGRINA,1,3466827,1,Song,44.80,1.99,-32.39,f,,Anya Smillie,2546,,
BU,1951,W-P5-19-36,88950,,-113.436710,55.216010,,721664,2021-06-24 10:00:00,735977,Transcribed,60s,None,TEWA,Tennessee Warbler,LEIOTHYLPIS PEREGRINA,1,3466826,1,Song,37.43,2.15,-28.92,f,,Anya Smillie,2546,,
BU,1951,W-P5-19-36,88950,,-113.436710,55.216010,,721664,2021-06-24 10:00:00,735977,Transcribed,60s,None,WTSP,White-throated Sparrow,ZONOTRICHIA ALBICOLLIS,1,3466829,1,Song,55.45,3.68,-29.98,f,,Anya Smillie,2546,,
BU,1951,W-P5-19-36,88950,,-113.436710,55.216010,,721664,2021-06-24 10:00:00,735977,Transcribed,60s,None,TEWA,Tennessee Warbler,LEIOTHYLPIS PEREGRINA,1,3466825,1,Song,28.23,2.64,-28.48,f,,Anya Smillie,2546,,
BU,1951,W-P5-19-36,88950,,-113.436710,55.216010,,721664,2021-06-24 10:00:00,735977,Transcribed,60s,None,TEWA,Tennessee Warbler,LEIOTHYLPIS PEREGRINA,1,3466824,1,Song,20.01,2.95,-26.71,f,,Anya Smillie,2546,,
BU,1951,W-P5-19-36,88950,,-113.436710,55.216010,,721664,2021-06-24 10:00:00,735977,Transcribed,60s,None,TEWA,Tennessee Warbler,LEIOTHYLPIS PEREGRINA,1,3466823,1,Song,11.94,2.89,-31.47,f,,Anya Smillie,2546,,
BU,1951,W-P5-19-36,88950,,-113.436710,55.216010,,721664,2021-06-24 10:00:00,735977,Transcribed,60s,None,TEWA,Tennessee Warbler,LEIOTHYLPIS PEREGRINA,1,3466822,1,Song,2.79,3.70,-26.23,f,,Anya Smillie,2546,,
BU,1951,W-P5-19-36,88950,,-113.436710,55.216010,,721665,2021-06-24 10:20:00,735978,Transcribed,60s,None,TEWA,Tennessee Warbler,LEIOTHYLPIS PEREGRINA,1,3466835,1,Song,26.55,2.85,-28.53,f,,Anya Smillie,2546,,
BU,1951,W-P5-19-36,88950,,-113.436710,55.216010,,721665,2021-06-24 10:20:00,735978,Transcribed,60s,None,TEWA,Tennessee Warbler,LEIOTHYLPIS PEREGRINA,1,3466840,1,Song,53.71,2.81,-28.01,f,,Anya Smillie,2546,,
BU,1951,W-P5-19-36,88950,,-113.436710,55.216010,,721665,2021-06-24 10:20:00,735978,Transcribed,60s,None,TEWA,Tennessee Warbler,LEIOTHYLPIS PEREGRINA,1,3466830,1,Song,0.05,3.30,-27.34,f,,Anya Smillie,2546,,
BU,1951,W-P5-19-36,88950,,-113.436710,55.216010,,721665,2021-06-24 10:20:00,735978,Transcribed,60s,None,TEWA,Tennessee Warbler,LEIOTHYLPIS PEREGRINA,1,3466838,1,Song,39.30,3.18,-27.76,f,,Anya Smillie,2546,,
BU,1951,W-P5-19-36,88950,,-113.436710,55.216010,,721665,2021-06-24 10:20:00,735978,Transcribed,60s,None,TEWA,Tennessee Warbler,LEIOTHYLPIS PEREGRINA,1,3466836,1,Song,32.74,3.06,-27.85,f,,Anya Smillie,2546,,
BU,1951,W-P5-19-36,88950,,-113.436710,55.216010,,721665,2021-06-24 10:20:00,735978,Transcribed,60s,None,WIWR,Winter Wren,TROGLODYTES HIEMALIS,1,3466837,1,Song,36.60,2.85,-44.93,f,,Anya Smillie,2546,,
BU,1951,W-P5-19-36,88950,,-113.436710,55.216010,,721665,2021-06-24 10:20:00,735978,Transcribed,60s,None,WIWR,Winter Wren,TROGLODYTES HIEMALIS,1,3466832,1,Song,10.28,2.38,-48.37,f,,Anya Smillie,2546,,
BU,1951,W-P5-19-36,88950,,-113.436710,55.216010,,721665,2021-06-24 10:20:00,735978,Transcribed,60s,None,TEWA,Tennessee Warbler,LEIOTHYLPIS PEREGRINA,1,3466834,1,Song,20.14,2.49,-28.95,f,,Anya Smillie,2546,,
BU,1951,W-P5-19-36,88950,,-113.436710,55.216010,,721665,2021-06-24 10:20:00,735978,Transcribed,60s,None,TEWA,Tennessee Warbler,LEIOTHYLPIS PEREGRINA,1,3466839,1,Song,47.05,2.69,-27.71,f,,Anya Smillie,2546,,
BU,1951,W-P5-19-36,88950,,-113.436710,55.216010,,721665,2021-06-24 10:20:00,735978,Transcribed,60s,None,TEWA,Tennessee Warbler,LEIOTHYLPIS PEREGRINA,1,3466831,1,Song,6.29,3.35,-26.64,f,,Anya Smillie,2546,,
BU,1951,W-P5-19-36,88950,,-113.436710,55.216010,,721665,2021-06-24 10:20:00,735978,Transcribed,60s,None,TEWA,Tennessee Warbler,LEIOTHYLPIS PEREGRINA,1,3466833,1,Song,12.90,3.23,-28.53,f,,Anya Smillie,2546,,
BU,1951,W-P5-19-36,88950,,-113.436710,55.216010,,721666,2021-06-24 10:40:00,735979,Transcribed,60s,None,WTSP,White-throated Sparrow,ZONOTRICHIA ALBICOLLIS,1,3466849,1,Song,51.49,3.33,-38.71,f,,Anya Smillie,2546,,
BU,1951,W-P5-19-36,88950,,-113.436710,55.216010,,721666,2021-06-24 10:40:00,735979,Transcribed,60s,None,TEWA,Tennessee Warbler,LEIOTHYLPIS PEREGRINA,1,3466841,1,Song,0.85,3.33,-31.8,f,,Anya Smillie,2546,,
BU,1951,W-P5-19-36,88950,,-113.436710,55.216010,,721666,2021-06-24 10:40:00,735979,Transcribed,60s,None,TEWA,Tennessee Warbler,LEIOTHYLPIS PEREGRINA,1,3466843,1,Song,16.14,3.28,-32.02,f,,Anya Smillie,2546,,
BU,1951,W-P5-19-36,88950,,-113.436710,55.216010,,721666,2021-06-24 10:40:00,735979,Transcribed,60s,None,TEWA,Tennessee Warbler,LEIOTHYLPIS PEREGRINA,1,3466844,1,Song,22.68,3.33,-33.47,f,,Anya Smillie,2546,,
BU,1951,W-P5-19-36,88950,,-113.436710,55.216010,,721666,2021-06-24 10:40:00,735979,Transcribed,60s,None,TEWA,Tennessee Warbler,LEIOTHYLPIS PEREGRINA,1,3466845,1,Song,29.65,2.86,-31.27,f,,Anya Smillie,2546,,
BU,1951,W-P5-19-36,88950,,-113.436710,55.216010,,721666,2021-06-24 10:40:00,735979,Transcribed,60s,None,TEWA,Tennessee Warbler,LEIOTHYLPIS PEREGRINA,1,3466848,1,Song,51.00,2.70,-33.93,f,,Anya Smillie,2546,,
BU,1951,W-P5-19-36,88950,,-113.436710,55.216010,,721666,2021-06-24 10:40:00,735979,Transcribed,60s,None,TEWA,Tennessee Warbler,LEIOTHYLPIS PEREGRINA,1,3466847,1,Song,44.23,3.31,-31.16,f,,Anya Smillie,2546,,
BU,1951,W-P5-19-36,88950,,-113.436710,55.216010,,721666,2021-06-24 10:40:00,735979,Transcribed,60s,None,TEWA,Tennessee Warbler,LEIOTHYLPIS PEREGRINA,1,3466846,1,Song,37.08,2.75,-34.04,f,,Anya Smillie,2546,,
BU,1951,W-P5-19-36,88950,,-113.436710,55.216010,,721666,2021-06-24 10:40:00,735979,Transcribed,60s,None,TEWA,Tennessee Warbler,LEIOTHYLPIS PEREGRINA,1,3466850,1,Song,58.03,1.95,-30.84,f,,Anya Smillie,2546,,
BU,1951,W-P5-19-36,88950,,-113.436710,55.216010,,721666,2021-06-24 10:40:00,735979,Transcribed,60s,None,TEWA,Tennessee Warbler,LEIOTHYLPIS PEREGRINA,1,3466842,1,Song,8.29,3.75,-31.03,f,,Anya Smillie,2546,,
BU,1951,W-P5-19-36,88950,,-113.436710,55.216010,,721667,2021-06-24 11:00:00,735980,Transcribed,60s,None,TEWA,Tennessee Warbler,LEIOTHYLPIS PEREGRINA,2,3466852,1,Song,3.61,2.48,-42.12,f,,Anya Smillie,2546,,
BU,1951,W-P5-19-36,88950,,-113.436710,55.216010,,721667,2021-06-24 11:00:00,735980,Transcribed,60s,None,TEWA,Tennessee Warbler,LEIOTHYLPIS PEREGRINA,1,3466864,1,Song,58.26,1.74,-34.71,f,,Anya Smillie,2546,,
BU,1951,W-P5-19-36,88950,,-113.436710,55.216010,,721667,2021-06-24 11:00:00,735980,Transcribed,60s,None,TEWA,Tennessee Warbler,LEIOTHYLPIS PEREGRINA,1,3466854,1,Song,12.08,3.26,-33.95,f,,Anya Smillie,2546,,
BU,1951,W-P5-19-36,88950,,-113.436710,55.216010,,721667,2021-06-24 11:00:00,735980,Transcribed,60s,None,TEWA,Tennessee Warbler,LEIOTHYLPIS PEREGRINA,1,3466863,1,Song,51.34,3.13,-34.14,f,,Anya Smillie,2546,,
BU,1951,W-P5-19-36,88950,,-113.436710,55.216010,,721667,2021-06-24 11:00:00,735980,Transcribed,60s,None,TEWA,Tennessee Warbler,LEIOTHYLPIS PEREGRINA,1,3466856,1,Song,19.20,2.96,-34.83,f,,Anya Smillie,2546,,
BU,1951,W-P5-19-36,88950,,-113.436710,55.216010,,721667,2021-06-24 11:00:00,735980,Transcribed,60s,None,TEWA,Tennessee Warbler,LEIOTHYLPIS PEREGRINA,1,3466851,1,Song,0.44,2.85,-33.83,f,,Anya Smillie,2546,,
BU,1951,W-P5-19-36,88950,,-113.436710,55.216010,,721667,2021-06-24 11:00:00,735980,Transcribed,60s,None,TEWA,Tennessee Warbler,LEIOTHYLPIS PEREGRINA,1,3466857,1,Song,25.19,2.54,-34.31,f,,Anya Smillie,2546,,
BU,1951,W-P5-19-36,88950,,-113.436710,55.216010,,721667,2021-06-24 11:00:00,735980,Transcribed,60s,None,TEWA,Tennessee Warbler,LEIOTHYLPIS PEREGRINA,1,3466862,1,Song,44.61,3.33,-31.59,f,,Anya Smillie,2546,,
BU,1951,W-P5-19-36,88950,,-113.436710,55.216010,,721667,2021-06-24 11:00:00,735980,Transcribed,60s,None,TEWA,Tennessee Warbler,LEIOTHYLPIS PEREGRINA,1,3466859,1,Song,31.56,3.34,-32.61,f,,Anya Smillie,2546,,
BU,1951,W-P5-19-36,88950,,-113.436710,55.216010,,721667,2021-06-24 11:00:00,735980,Transcribed,60s,None,TEWA,Tennessee Warbler,LEIOTHYLPIS PEREGRINA,1,3466861,1,Song,38.06,2.76,-34.15,f,,Anya Smillie,2546,,
BU,1951,W-P5-19-36,88950,,-113.436710,55.216010,,721667,2021-06-24 11:00:00,735980,Transcribed,60s,None,TEWA,Tennessee Warbler,LEIOTHYLPIS PEREGRINA,2,3466855,1,Song,14.26,2.68,-33.93,f,,Anya Smillie,2546,,
BU,1951,W-P5-19-36,88950,,-113.436710,55.216010,,721667,2021-06-24 11:00:00,735980,Transcribed,60s,None,TEWA,Tennessee Warbler,LEIOTHYLPIS PEREGRINA,2,3466860,1,Song,36.25,2.24,-40.82,f,,Anya Smillie,2546,,
BU,1951,W-P5-19-36,88950,,-113.436710,55.216010,,721667,2021-06-24 11:00:00,735980,Transcribed,60s,None,TEWA,Tennessee Warbler,LEIOTHYLPIS PEREGRINA,1,3466853,1,Song,6.74,2.49,-34.16,f,,Anya Smillie,2546,,
BU,1951,W-P5-19-36,88950,,-113.436710,55.216010,,721667,2021-06-24 11:00:00,735980,Transcribed,60s,None,TEWA,Tennessee Warbler,LEIOTHYLPIS PEREGRINA,2,3466858,1,Song,27.93,1.98,-42.63,f,,Anya Smillie,2546,,
BU,1951,W-P5-19-36,88950,,-113.436710,55.216010,,721668,2021-06-24 11:20:00,735981,Transcribed,60s,None,TEWA,Tennessee Warbler,LEIOTHYLPIS PEREGRINA,2,3466871,1,Song,20.79,2.09,-48.32,f,,Anya Smillie,2546,,
BU,1951,W-P5-19-36,88950,,-113.436710,55.216010,,721668,2021-06-24 11:20:00,735981,Transcribed,60s,None,TEWA,Tennessee Warbler,LEIOTHYLPIS PEREGRINA,2,3466866,1,Song,6.39,2.26,-45.3,f,,Anya Smillie,2546,,
BU,1951,W-P5-19-36,88950,,-113.436710,55.216010,,721668,2021-06-24 11:20:00,735981,Transcribed,60s,None,TEWA,Tennessee Warbler,LEIOTHYLPIS PEREGRINA,2,3466869,1,Song,13.38,2.21,-49.16,f,,Anya Smillie,2546,,
BU,1951,W-P5-19-36,88950,,-113.436710,55.216010,,721668,2021-06-24 11:20:00,735981,Transcribed,60s,None,TEWA,Tennessee Warbler,LEIOTHYLPIS PEREGRINA,2,3466875,1,Song,25.18,1.99,-45.73,f,,Anya Smillie,2546,,
BU,1951,W-P5-19-36,88950,,-113.436710,55.216010,,721668,2021-06-24 11:20:00,735981,Transcribed,60s,None,BTNW,Black-throated Green Warbler,SETOPHAGA VIRENS,1,3466879,1,Song,39.89,2.76,-33.82,f,,Anya Smillie,2546,,
BU,1951,W-P5-19-36,88950,,-113.436710,55.216010,,721668,2021-06-24 11:20:00,735981,Transcribed,60s,None,BTNW,Black-throated Green Warbler,SETOPHAGA VIRENS,1,3466876,1,Song,27.84,2.34,-37.4,f,,Anya Smillie,2546,,
BU,1951,W-P5-19-36,88950,,-113.436710,55.216010,,721668,2021-06-24 11:20:00,735981,Transcribed,60s,None,TEWA,Tennessee Warbler,LEIOTHYLPIS PEREGRINA,1,3466878,1,Song,34.30,2.34,-34.44,f,,Anya Smillie,2546,,
BU,1951,W-P5-19-36,88950,,-113.436710,55.216010,,721668,2021-06-24 11:20:00,735981,Transcribed,60s,None,TEWA,Tennessee Warbler,LEIOTHYLPIS PEREGRINA,1,3466870,1,Song,15.94,1.89,-47.31,f,,Anya Smillie,2546,,
BU,1951,W-P5-19-36,88950,,-113.436710,55.216010,,721668,2021-06-24 11:20:00,735981,Transcribed,60s,None,TEWA,Tennessee Warbler,LEIOTHYLPIS PEREGRINA,1,3466882,1,Song,49.00,2.89,-39.89,f,,Anya Smillie,2546,,
BU,1951,W-P5-19-36,88950,,-113.436710,55.216010,,721668,2021-06-24 11:20:00,735981,Transcribed,60s,None,TEWA,Tennessee Warbler,LEIOTHYLPIS PEREGRINA,1,3466865,1,Song,2.10,2.99,-39.69,f,,Anya Smillie,2546,,
BU,1951,W-P5-19-36,88950,,-113.436710,55.216010,,721668,2021-06-24 11:20:00,735981,Transcribed,60s,None,TEWA,Tennessee Warbler,LEIOTHYLPIS PEREGRINA,1,3466867,1,Song,10.63,2.50,-40.6,f,,Anya Smillie,2546,,
BU,1951,W-P5-19-36,88950,,-113.436710,55.216010,,721668,2021-06-24 11:20:00,735981,Transcribed,60s,None,TEWA,Tennessee Warbler,LEIOTHYLPIS PEREGRINA,2,3466884,1,Song,58.56,1.39,-37.09,f,,Anya Smillie,2546,,
BU,1951,W-P5-19-36,88950,,-113.436710,55.216010,,721669,2021-06-24 11:40:00,735982,Transcribed,60s,None,BTNW,Black-throated Green Warbler,SETOPHAGA VIRENS,1,3466892,1,Song,29.44,1.78,-43.77,f,,Anya Smillie,2546,,
BU,1951,W-P5-19-36,88950,,-113.436710,55.216010,,721669,2021-06-24 11:40:00,735982,Transcribed,60s,None,TEWA,Tennessee Warbler,LEIOTHYLPIS PEREGRINA,1,3466893,1,Song,31.65,2.66,-28.73,f,,Anya Smillie,2546,,
BU,1951,W-P5-19-36,88950,,-113.436710,55.216010,,721669,2021-06-24 11:40:00,735982,Transcribed,60s,None,TEWA,Tennessee Warbler,LEIOTHYLPIS PEREGRINA,1,3466888,1,Song,18.18,2.74,-27.74,f,,Anya Smillie,2546,,
BU,1951,W-P5-19-36,88950,,-113.436710,55.216010,,721669,2021-06-24 11:40:00,735982,Transcribed,60s,None,TEWA,Tennessee Warbler,LEIOTHYLPIS PEREGRINA,1,3466895,1,Song,36.88,3.34,-27.9,f,,Anya Smillie,2546,,
BU,1951,W-P5-19-36,88950,,-113.436710,55.216010,,721669,2021-06-24 11:40:00,735982,Transcribed,60s,None,TEWA,Tennessee Warbler,LEIOTHYLPIS PEREGRINA,1,3466899,1,Song,55.74,2.53,-28.84,f,,Anya Smillie,2546,,
BU,1951,W-P5-19-36,88950,,-113.436710,55.216010,,721669,2021-06-24 11:40:00,735982,Transcribed,60s,None,TEWA,Tennessee Warbler,LEIOTHYLPIS PEREGRINA,1,3466896,1,Song,42.66,2.64,-28.45,f,,Anya Smillie,2546,,
BU,1951,W-P5-19-36,88950,,-113.436710,55.216010,,721669,2021-06-24 11:40:00,735982,Transcribed,60s,None,TEWA,Tennessee Warbler,LEIOTHYLPIS PEREGRINA,1,3466891,1,Song,24.89,2.88,-27.29,f,,Anya Smillie,2546,,
BU,1951,W-P5-19-36,88950,,-113.436710,55.216010,,721669,2021-06-24 11:40:00,735982,Transcribed,60s,None,TEWA,Tennessee Warbler,LEIOTHYLPIS PEREGRINA,1,3466885,1,Song,0.10,1.90,-27.25,f,,Anya Smillie,2546,,
BU,1951,W-P5-19-36,88950,,-113.436710,55.216010,,721669,2021-06-24 11:40:00,735982,Transcribed,60s,None,TEWA,Tennessee Warbler,LEIOTHYLPIS PEREGRINA,1,3466887,1,Song,11.50,2.80,-28.56,f,,Anya Smillie,2546,,
BU,1951,W-P5-19-36,88950,,-113.436710,55.216010,,721669,2021-06-24 11:40:00,735982,Transcribed,60s,None,TEWA,Tennessee Warbler,LEIOTHYLPIS PEREGRINA,1,3466898,1,Song,49.45,2.95,-29.82,f,,Anya Smillie,2546,,
BU,1951,W-P5-19-36,88950,,-113.436710,55.216010,,721669,2021-06-24 11:40:00,735982,Transcribed,60s,None,TEWA,Tennessee Warbler,LEIOTHYLPIS PEREGRINA,1,3466886,1,Song,5.56,2.86,-29.04,f,,Anya Smillie,2546,,
BU,1951,W-P5-19-36,88950,,-113.436710,55.216010,,721669,2021-06-24 11:40:00,735982,Transcribed,60s,None,BTNW,Black-throated Green Warbler,SETOPHAGA VIRENS,1,3466900,1,Song,52.64,1.15,-48.39,f,,Anya Smillie,2546,,
BU,1951,W-P5-19-36,88950,,-113.436710,55.216010,,721669,2021-06-24 11:40:00,735982,Transcribed,60s,None,BTNW,Black-throated Green Warbler,SETOPHAGA VIRENS,1,3466897,1,Song,45.66,1.00,-49.1,f,,Anya Smillie,2546,,
BU,1951,W-P5-19-36,88950,,-113.436710,55.216010,,721669,2021-06-24 11:40:00,735982,Transcribed,60s,None,BTNW,Black-throated Green Warbler,SETOPHAGA VIRENS,1,3466889,1,Song,14.53,1.86,-43.69,f,,Anya Smillie,2546,,
BU,1951,W-P5-19-36,88950,,-113.436710,55.216010,,721669,2021-06-24 11:40:00,735982,Transcribed,60s,None,BTNW,Black-throated Green Warbler,SETOPHAGA VIRENS,1,3466894,1,Song,35.25,1.40,-47.4,f,,Anya Smillie,2546,,
BU,1951,W-P5-19-36,88950,,-113.436710,55.216010,,721669,2021-06-24 11:40:00,735982,Transcribed,60s,None,BTNW,Black-throated Green Warbler,SETOPHAGA VIRENS,1,3466890,1,Song,22.88,1.34,-45.96,f,,Anya Smillie,2546,,
BU,1951,W-P5-19-36,88950,,-113.436710,55.216010,,721670,2021-06-24 12:00:00,735983,Transcribed,60s,None,TEWA,Tennessee Warbler,LEIOTHYLPIS PEREGRINA,1,3466901,1,Song,2.28,2.48,-45.58,f,,Anya Smillie,2546,,
BU,1951,W-P5-19-36,88950,,-113.436710,55.216010,,721670,2021-06-24 12:00:00,735983,Transcribed,60s,None,TEWA,Tennessee Warbler,LEIOTHYLPIS PEREGRINA,1,3466903,1,Song,13.06,2.40,-46.67,f,,Anya Smillie,2546,,
BU,1951,W-P5-19-36,88950,,-113.436710,55.216010,,721670,2021-06-24 12:00:00,735983,Transcribed,60s,None,TEWA,Tennessee Warbler,LEIOTHYLPIS PEREGRINA,1,3466906,1,Song,36.41,1.81,-36.71,f,,Anya Smillie,2546,,
BU,1951,W-P5-19-36,88950,,-113.436710,55.216010,,721670,2021-06-24 12:00:00,735983,Transcribed,60s,None,TEWA,Tennessee Warbler,LEIOTHYLPIS PEREGRINA,1,3466902,1,Song,7.68,1.99,-50.39,f,,Anya Smillie,2546,,
BU,1951,W-P5-19-36,88950,,-113.436710,55.216010,,721670,2021-06-24 12:00:00,735983,Transcribed,60s,None,TEWA,Tennessee Warbler,LEIOTHYLPIS PEREGRINA,1,3466904,1,Song,22.30,2.18,-49.15,f,,Anya Smillie,2546,,
BU,1951,W-P5-19-36,88950,,-113.436710,55.216010,,721670,2021-06-24 12:00:00,735983,Transcribed,60s,None,TEWA,Tennessee Warbler,LEIOTHYLPIS PEREGRINA,1,3466905,1,Song,31.35,2.48,-47.84,f,,Anya Smillie,2546,,
BU,1951,W-P5-19-36,88950,,-113.436710,55.216010,,721670,2021-06-24 12:00:00,735983,Transcribed,60s,None,TEWA,Tennessee Warbler,LEIOTHYLPIS PEREGRINA,1,3466907,1,Song,40.69,1.89,-50.68,f,,Anya Smillie,2546,,
BU,1951,W-P5-19-36,88950,,-113.436710,55.216010,,721671,2021-06-24 12:20:00,735984,Transcribed,60s,None,TEWA,Tennessee Warbler,LEIOTHYLPIS PEREGRINA,1,3466915,1,Song,55.95,2.99,-41.67,f,,Anya Smillie,2546,,
BU,1951,W-P5-19-36,88950,,-113.436710,55.216010,,721671,2021-06-24 12:20:00,735984,Transcribed,60s,None,TEWA,Tennessee Warbler,LEIOTHYLPIS PEREGRINA,1,3466914,1,Song,48.15,2.75,-41.76,f,,Anya Smillie,2546,,
BU,1951,W-P5-19-36,88950,,-113.436710,55.216010,,721671,2021-06-24 12:20:00,735984,Transcribed,60s,None,TEWA,Tennessee Warbler,LEIOTHYLPIS PEREGRINA,1,3466910,1,Song,18.26,2.40,-37.95,f,,Anya Smillie,2546,,
BU,1951,W-P5-19-36,88950,,-113.436710,55.216010,,721671,2021-06-24 12:20:00,735984,Transcribed,60s,None,TEWA,Tennessee Warbler,LEIOTHYLPIS PEREGRINA,1,3466908,1,Song,3.43,2.59,-35.39,f,,Anya Smillie,2546,,
BU,1951,W-P5-19-36,88950,,-113.436710,55.216010,,721671,2021-06-24 12:20:00,735984,Transcribed,60s,None,TEWA,Tennessee Warbler,LEIOTHYLPIS PEREGRINA,1,3466909,1,Song,11.29,3.29,-41.06,f,,Anya Smillie,2546,,
BU,1951,W-P5-19-36,88950,,-113.436710,55.216010,,721671,2021-06-24 12:20:00,735984,Transcribed,60s,None,TEWA,Tennessee Warbler,LEIOTHYLPIS PEREGRINA,1,3466911,1,Song,25.48,3.08,-37.94,f,,Anya Smillie,2546,,
BU,1951,W-P5-19-36,88950,,-113.436710,55.216010,,721671,2021-06-24 12:20:00,735984,Transcribed,60s,None,TEWA,Tennessee Warbler,LEIOTHYLPIS PEREGRINA,1,3466912,1,Song,33.75,3.11,-42.19,f,,Anya Smillie,2546,,
BU,1951,W-P5-19-36,88950,,-113.436710,55.216010,,721671,2021-06-24 12:20:00,735984,Transcribed,60s,None,TEWA,Tennessee Warbler,LEIOTHYLPIS PEREGRINA,1,3466913,1,Song,41.34,2.69,-41.66,f,,Anya Smillie,2546,,
BU,1951,W-P5-19-36,88950,,-113.436710,55.216010,,721672,2021-06-24 12:40:00,735985,Transcribed,60s,None,WTSP,White-throated Sparrow,ZONOTRICHIA ALBICOLLIS,1,3466921,1,Song,30.30,3.10,-44.11,f,,Anya Smillie,2546,,
BU,1951,W-P5-19-36,88950,,-113.436710,55.216010,,721672,2021-06-24 12:40:00,735985,Transcribed,60s,None,TEWA,Tennessee Warbler,LEIOTHYLPIS PEREGRINA,1,3466922,1,Song,32.54,2.93,-30.78,f,,Anya Smillie,2546,,
BU,1951,W-P5-19-36,88950,,-113.436710,55.216010,,721672,2021-06-24 12:40:00,735985,Transcribed,60s,None,TEWA,Tennessee Warbler,LEIOTHYLPIS PEREGRINA,1,3466916,1,Song,2.78,2.88,-30.98,f,,Anya Smillie,2546,,
BU,1951,W-P5-19-36,88950,,-113.436710,55.216010,,721672,2021-06-24 12:40:00,735985,Transcribed,60s,None,TEWA,Tennessee Warbler,LEIOTHYLPIS PEREGRINA,1,3466917,1,Song,10.34,2.65,-31.04,f,,Anya Smillie,2546,,
BU,1951,W-P5-19-36,88950,,-113.436710,55.216010,,721672,2021-06-24 12:40:00,735985,Transcribed,60s,None,TEWA,Tennessee Warbler,LEIOTHYLPIS PEREGRINA,1,3466918,1,Song,17.16,2.94,-30.9,f,,Anya Smillie,2546,,
BU,1951,W-P5-19-36,88950,,-113.436710,55.216010,,721672,2021-06-24 12:40:00,735985,Transcribed,60s,None,TEWA,Tennessee Warbler,LEIOTHYLPIS PEREGRINA,1,3466920,1,Song,25.34,2.88,-31.71,f,,Anya Smillie,2546,,
BU,1951,W-P5-19-36,88950,,-113.436710,55.216010,,721672,2021-06-24 12:40:00,735985,Transcribed,60s,None,TEWA,Tennessee Warbler,LEIOTHYLPIS PEREGRINA,1,3466924,1,Song,46.21,3.03,-31.35,f,,Anya Smillie,2546,,
BU,1951,W-P5-19-36,88950,,-113.436710,55.216010,,721672,2021-06-24 12:40:00,735985,Transcribed,60s,None,TEWA,Tennessee Warbler,LEIOTHYLPIS PEREGRINA,1,3466925,1,Song,53.88,3.11,-30.75,f,,Anya Smillie,2546,,
BU,1951,W-P5-19-36,88950,,-113.436710,55.216010,,721672,2021-06-24 12:40:00,735985,Transcribed,60s,None,TEWA,Tennessee Warbler,LEIOTHYLPIS PEREGRINA,1,3466923,1,Song,37.98,4.09,-30.73,f,,Anya Smillie,2546,,
BU,1951,W-P5-19-36,88950,,-113.436710,55.216010,,721673,2021-06-24 13:00:00,735986,Transcribed,60s,None,TEWA,Tennessee Warbler,LEIOTHYLPIS PEREGRINA,1,3466931,1,Song,49.13,2.69,-25.76,f,,Anya Smillie,2546,,
BU,1951,W-P5-19-36,88950,,-113.436710,55.216010,,721673,2021-06-24 13:00:00,735986,Transcribed,60s,None,TEWA,Tennessee Warbler,LEIOTHYLPIS PEREGRINA,1,3466932,1,Song,56.86,2.83,-26.36,f,,Anya Smillie,2546,,
BU,1951,W-P5-19-36,88950,,-113.436710,55.216010,,721673,2021-06-24 13:00:00,735986,Transcribed,60s,None,TEWA,Tennessee Warbler,LEIOTHYLPIS PEREGRINA,1,3466926,1,Song,0.58,3.33,-23.79,f,,Anya Smillie,2546,,
BU,1951,W-P5-19-36,88950,,-113.436710,55.216010,,721673,2021-06-24 13:00:00,735986,Transcribed,60s,None,TEWA,Tennessee Warbler,LEIOTHYLPIS PEREGRINA,1,3466927,1,Song,10.73,3.16,-23.93,f,,Anya Smillie,2546,,
BU,1951,W-P5-19-36,88950,,-113.436710,55.216010,,721673,2021-06-24 13:00:00,735986,Transcribed,60s,None,TEWA,Tennessee Warbler,LEIOTHYLPIS PEREGRINA,1,3466928,1,Song,19.63,2.65,-25.48,f,,Anya Smillie,2546,,
BU,1951,W-P5-19-36,88950,,-113.436710,55.216010,,721673,2021-06-24 13:00:00,735986,Transcribed,60s,None,TEWA,Tennessee Warbler,LEIOTHYLPIS PEREGRINA,1,3466929,1,Song,28.74,2.93,-24.65,f,,Anya Smillie,2546,,
BU,1951,W-P5-19-36,88950,,-113.436710,55.216010,,721673,2021-06-24 13:00:00,735986,Transcribed,60s,None,TEWA,Tennessee Warbler,LEIOTHYLPIS PEREGRINA,1,3466930,1,Song,37.85,3.10,-24.86,f,,Anya Smillie,2546,,
BU,1951,W-P5-19-36,88950,,-113.436710,55.216010,,721674,2021-06-24 13:20:00,735987,Transcribed,60s,None,TEWA,Tennessee Warbler,LEIOTHYLPIS PEREGRINA,1,3466933,1,Song,10.99,3.23,-31.3,f,,Anya Smillie,2546,,
BU,1951,W-P5-19-36,88950,,-113.436710,55.216010,,721674,2021-06-24 13:20:00,735987,Transcribed,60s,None,TEWA,Tennessee Warbler,LEIOTHYLPIS PEREGRINA,1,3466936,1,Song,50.78,3.41,-33.39,f,,Anya Smillie,2546,,
BU,1951,W-P5-19-36,88950,,-113.436710,55.216010,,721674,2021-06-24 13:20:00,735987,Transcribed,60s,None,TEWA,Tennessee Warbler,LEIOTHYLPIS PEREGRINA,1,3466934,1,Song,20.10,1.91,-43.9,f,,Anya Smillie,2546,,
BU,1951,W-P5-19-36,88950,,-113.436710,55.216010,,721675,2021-06-24 13:40:00,735988,Transcribed,60s,None,TEWA,Tennessee Warbler,LEIOTHYLPIS PEREGRINA,1,3466943,1,Song,34.43,2.93,-29.63,f,,Anya Smillie,2546,,
BU,1951,W-P5-19-36,88950,,-113.436710,55.216010,,721675,2021-06-24 13:40:00,735988,Transcribed,60s,None,TEWA,Tennessee Warbler,LEIOTHYLPIS PEREGRINA,1,3466949,1,Song,57.56,2.39,-29.74,f,,Anya Smillie,2546,,
BU,1951,W-P5-19-36,88950,,-113.436710,55.216010,,721675,2021-06-24 13:40:00,735988,Transcribed,60s,None,TEWA,Tennessee Warbler,LEIOTHYLPIS PEREGRINA,1,3466946,1,Song,48.98,3.85,-29.94,f,,Anya Smillie,2546,,
BU,1951,W-P5-19-36,88950,,-113.436710,55.216010,,721675,2021-06-24 13:40:00,735988,Transcribed,60s,None,TEWA,Tennessee Warbler,LEIOTHYLPIS PEREGRINA,1,3466945,1,Song,42.18,3.19,-29.43,f,,Anya Smillie,2546,,
BU,1951,W-P5-19-36,88950,,-113.436710,55.216010,,721675,2021-06-24 13:40:00,735988,Transcribed,60s,None,TEWA,Tennessee Warbler,LEIOTHYLPIS PEREGRINA,1,3466941,1,Song,25.75,3.24,-29.79,f,,Anya Smillie,2546,,
BU,1951,W-P5-19-36,88950,,-113.436710,55.216010,,721675,2021-06-24 13:40:00,735988,Transcribed,60s,None,TEWA,Tennessee Warbler,LEIOTHYLPIS PEREGRINA,1,3466939,1,Song,17.99,3.34,-30.36,f,,Anya Smillie,2546,,
BU,1951,W-P5-19-36,88950,,-113.436710,55.216010,,721675,2021-06-24 13:40:00,735988,Transcribed,60s,None,TEWA,Tennessee Warbler,LEIOTHYLPIS PEREGRINA,1,3466938,1,Song,9.34,2.95,-30.33,f,,Anya Smillie,2546,,
BU,1951,W-P5-19-36,88950,,-113.436710,55.216010,,721675,2021-06-24 13:40:00,735988,Transcribed,60s,None,TEWA,Tennessee Warbler,LEIOTHYLPIS PEREGRINA,1,3466937,1,Song,0.28,2.79,-30.13,f,,Anya Smillie,2546,,
BU,1951,W-P5-19-36,88950,,-113.436710,55.216010,,721675,2021-06-24 13:40:00,735988,Transcribed,60s,None,BTNW,Black-throated Green Warbler,SETOPHAGA VIRENS,1,3466947,1,Song,52.90,1.11,-43.72,f,,Anya Smillie,2546,,
BU,1951,W-P5-19-36,88950,,-113.436710,55.216010,,721675,2021-06-24 13:40:00,735988,Transcribed,60s,None,BTNW,Black-throated Green Warbler,SETOPHAGA VIRENS,1,3466944,1,Song,38.68,1.68,-47.06,f,,Anya Smillie,2546,,
BU,1951,W-P5-19-36,88950,,-113.436710,55.216010,,721675,2021-06-24 13:40:00,735988,Transcribed,60s,None,BTNW,Black-throated Green Warbler,SETOPHAGA VIRENS,1,3466942,1,Song,29.16,1.38,-47.14,f,,Anya Smillie,2546,,
BU,1951,W-P5-19-36,88950,,-113.436710,55.216010,,721675,2021-06-24 13:40:00,735988,Transcribed,60s,None,BTNW,Black-throated Green Warbler,SETOPHAGA VIRENS,1,3466940,1,Song,16.15,1.79,-44.55,f,,Anya Smillie,2546,,
BU,1951,W-P5-19-36,88950,,-113.436710,55.216010,,721676,2021-06-24 14:00:00,735989,Transcribed,60s,None,TEWA,Tennessee Warbler,LEIOTHYLPIS PEREGRINA,1,3466951,1,Song,9.96,2.84,-26.17,f,,Anya Smillie,2546,,
BU,1951,W-P5-19-36,88950,,-113.436710,55.216010,,721676,2021-06-24 14:00:00,735989,Transcribed,60s,None,TEWA,Tennessee Warbler,LEIOTHYLPIS PEREGRINA,1,3466950,1,Song,2.58,2.98,-25.29,f,,Anya Smillie,2546,,
BU,1951,W-P5-19-36,88950,,-113.436710,55.216010,,721676,2021-06-24 14:00:00,735989,Transcribed,60s,None,TEWA,Tennessee Warbler,LEIOTHYLPIS PEREGRINA,1,3466955,1,Song,47.59,2.91,-29.73,f,,Anya Smillie,2546,,
BU,1951,W-P5-19-36,88950,,-113.436710,55.216010,,721676,2021-06-24 14:00:00,735989,Transcribed,60s,None,TEWA,Tennessee Warbler,LEIOTHYLPIS PEREGRINA,1,3466956,1,Song,56.99,2.76,-26.44,f,,Anya Smillie,2546,,
BU,1951,W-P5-19-36,88950,,-113.436710,55.216010,,721676,2021-06-24 14:00:00,735989,Transcribed,60s,None,TEWA,Tennessee Warbler,LEIOTHYLPIS PEREGRINA,1,3466954,1,Song,37.75,2.39,-26.81,f,,Anya Smillie,2546,,
BU,1951,W-P5-19-36,88950,,-113.436710,55.216010,,721676,2021-06-24 14:00:00,735989,Transcribed,60s,None,TEWA,Tennessee Warbler,LEIOTHYLPIS PEREGRINA,1,3466953,1,Song,28.36,2.13,-28.55,f,,Anya Smillie,2546,,
BU,1951,W-P5-19-36,88950,,-113.436710,55.216010,,721676,2021-06-24 14:00:00,735989,Transcribed,60s,None,TEWA,Tennessee Warbler,LEIOTHYLPIS PEREGRINA,1,3466952,1,Song,19.29,2.63,-26.11,f,,Anya Smillie,2546,,
BU,1951,W-P5-19-36,88950,,-113.436710,55.216010,,721677,2021-06-24 14:20:00,735990,Transcribed,60s,None,TEWA,Tennessee Warbler,LEIOTHYLPIS PEREGRINA,1,3466960,1,Song,30.89,2.49,-31.55,f,,Anya Smillie,2546,,
BU,1951,W-P5-19-36,88950,,-113.436710,55.216010,,721677,2021-06-24 14:20:00,735990,Transcribed,60s,None,TEWA,Tennessee Warbler,LEIOTHYLPIS PEREGRINA,1,3466958,1,Song,15.23,2.66,-30.7,f,,Anya Smillie,2546,,
BU,1951,W-P5-19-36,88950,,-113.436710,55.216010,,721677,2021-06-24 14:20:00,735990,Transcribed,60s,None,TEWA,Tennessee Warbler,LEIOTHYLPIS PEREGRINA,1,3466957,1,Song,6.10,3.48,-30.44,f,,Anya Smillie,2546,,
BU,1951,W-P5-19-36,88950,,-113.436710,55.216010,,721677,2021-06-24 14:20:00,735990,Transcribed,60s,None,TEWA,Tennessee Warbler,LEIOTHYLPIS PEREGRINA,1,3466963,1,Song,54.63,2.49,-31.35,f,,Anya Smillie,2546,,
BU,1951,W-P5-19-36,88950,,-113.436710,55.216010,,721677,2021-06-24 14:20:00,735990,Transcribed,60s,None,TEWA,Tennessee Warbler,LEIOTHYLPIS PEREGRINA,1,3466962,1,Song,46.39,2.65,-30.29,f,,Anya Smillie,2546,,
BU,1951,W-P5-19-36,88950,,-113.436710,55.216010,,721677,2021-06-24 14:20:00,735990,Transcribed,60s,None,TEWA,Tennessee Warbler,LEIOTHYLPIS PEREGRINA,1,3466961,1,Song,38.79,2.31,-31.13,f,,Anya Smillie,2546,,
BU,1951,W-P5-19-36,88950,,-113.436710,55.216010,,721677,2021-06-24 14:20:00,735990,Transcribed,60s,None,TEWA,Tennessee Warbler,LEIOTHYLPIS PEREGRINA,1,3466959,1,Song,23.16,2.63,-30.92,f,,Anya Smillie,2546,,
BU,1951,W-P5-19-36,88950,,-113.436710,55.216010,,721678,2021-06-24 14:40:00,735991,Transcribed,60s,None,BTNW,Black-throated Green Warbler,SETOPHAGA VIRENS,1,3466970,1,Song,29.71,1.73,-34.22,f,,Anya Smillie,2546,,
BU,1951,W-P5-19-36,88950,,-113.436710,55.216010,,721678,2021-06-24 14:40:00,735991,Transcribed,60s,None,BTNW,Black-throated Green Warbler,SETOPHAGA VIRENS,1,3466976,1,Song,58.11,1.26,-47.92,f,,Anya Smillie,2546,,
BU,1951,W-P5-19-36,88950,,-113.436710,55.216010,,721678,2021-06-24 14:40:00,735991,Transcribed,60s,None,TEWA,Tennessee Warbler,LEIOTHYLPIS PEREGRINA,1,3466964,1,Song,0.38,3.21,-28.22,f,,Anya Smillie,2546,,
BU,1951,W-P5-19-36,88950,,-113.436710,55.216010,,721678,2021-06-24 14:40:00,735991,Transcribed,60s,None,BTNW,Black-throated Green Warbler,SETOPHAGA VIRENS,1,3466973,1,Song,41.14,1.43,-49.37,f,,Anya Smillie,2546,,
BU,1951,W-P5-19-36,88950,,-113.436710,55.216010,,721678,2021-06-24 14:40:00,735991,Transcribed,60s,None,TEWA,Tennessee Warbler,LEIOTHYLPIS PEREGRINA,1,3466965,1,Song,12.95,2.61,-29.2,f,,Anya Smillie,2546,,
BU,1951,W-P5-19-36,88950,,-113.436710,55.216010,,721678,2021-06-24 14:40:00,735991,Transcribed,60s,None,TEWA,Tennessee Warbler,LEIOTHYLPIS PEREGRINA,1,3466975,1,Song,53.81,2.69,-30.62,f,,Anya Smillie,2546,,
BU,1951,W-P5-19-36,88950,,-113.436710,55.216010,,721678,2021-06-24 14:40:00,735991,Transcribed,60s,None,TEWA,Tennessee Warbler,LEIOTHYLPIS PEREGRINA,1,3466967,1,Song,21.49,2.64,-31.04,f,,Anya Smillie,2546,,
BU,1951,W-P5-19-36,88950,,-113.436710,55.216010,,721678,2021-06-24 14:40:00,735991,Transcribed,60s,None,TEWA,Tennessee Warbler,LEIOTHYLPIS PEREGRINA,1,3466968,1,Song,30.19,2.75,-30.08,f,,Anya Smillie,2546,,
BU,1951,W-P5-19-36,88950,,-113.436710,55.216010,,721678,2021-06-24 14:40:00,735991,Transcribed,60s,None,TEWA,Tennessee Warbler,LEIOTHYLPIS PEREGRINA,1,3466972,1,Song,37.63,2.90,-29.37,f,,Anya Smillie,2546,,
BU,1951,W-P5-19-36,88950,,-113.436710,55.216010,,721678,2021-06-24 14:40:00,735991,Transcribed,60s,None,TEWA,Tennessee Warbler,LEIOTHYLPIS PEREGRINA,1,3466974,1,Song,44.98,3.44,-30.72,f,,Anya Smillie,2546,,
BU,1951,W-P5-19-36,88950,,-113.436710,55.216010,,721678,2021-06-24 14:40:00,735991,Transcribed,60s,None,BTNW,Black-throated Green Warbler,SETOPHAGA VIRENS,1,3466966,1,Song,16.24,1.38,-49.42,f,,Anya Smillie,2546,,
BU,1951,W-P5-19-36,88950,,-113.436710,55.216010,,721679,2021-06-24 15:00:00,735992,Transcribed,60s,None,TEWA,Tennessee Warbler,LEIOTHYLPIS PEREGRINA,2,3466980,1,Song,17.86,2.31,-43.45,f,,Anya Smillie,2546,,
BU,1951,W-P5-19-36,88950,,-113.436710,55.216010,,721679,2021-06-24 15:00:00,735992,Transcribed,60s,None,TEWA,Tennessee Warbler,LEIOTHYLPIS PEREGRINA,1,3466984,1,Song,36.83,2.61,-43.04,f,,Anya Smillie,2546,,
BU,1951,W-P5-19-36,88950,,-113.436710,55.216010,,721679,2021-06-24 15:00:00,735992,Transcribed,60s,None,TEWA,Tennessee Warbler,LEIOTHYLPIS PEREGRINA,1,3466977,1,Song,1.39,3.18,-32.25,f,,Anya Smillie,2546,,
BU,1951,W-P5-19-36,88950,,-113.436710,55.216010,,721679,2021-06-24 15:00:00,735992,Transcribed,60s,None,TEWA,Tennessee Warbler,LEIOTHYLPIS PEREGRINA,1,3466981,1,Song,23.78,2.84,-42.2,f,,Anya Smillie,2546,,
BU,1951,W-P5-19-36,88950,,-113.436710,55.216010,,721679,2021-06-24 15:00:00,735992,Transcribed,60s,None,TEWA,Tennessee Warbler,LEIOTHYLPIS PEREGRINA,2,3466983,1,Song,32.23,2.29,-45.84,f,,Anya Smillie,2546,,
BU,1951,W-P5-19-36,88950,,-113.436710,55.216010,,721679,2021-06-24 15:00:00,735992,Transcribed,60s,None,TEWA,Tennessee Warbler,LEIOTHYLPIS PEREGRINA,2,3466985,1,Song,52.86,2.93,-48.25,f,,Anya Smillie,2546,,
BU,1951,W-P5-19-36,88950,,-113.436710,55.216010,,721679,2021-06-24 15:00:00,735992,Transcribed,60s,None,TEWA,Tennessee Warbler,LEIOTHYLPIS PEREGRINA,2,3466979,1,Song,10.15,2.60,-49.72,f,,Anya Smillie,2546,,
BU,1951,W-P5-19-36,88950,,-113.436710,55.216010,,721679,2021-06-24 15:00:00,735992,Transcribed,60s,None,WTSP,White-throated Sparrow,ZONOTRICHIA ALBICOLLIS,1,3466982,1,Song,21.44,2.05,-49.44,f,,Anya Smillie,2546,,
BU,1951,W-P5-19-36,88950,,-113.436710,55.216010,,721680,2021-06-24 15:20:00,735993,Transcribed,60s,None,NONE,NONE,"",,,,,,,,,,Anya Smillie,2546,,
BU,1951,W-P5-19-36,88950,,-113.436710,55.216010,,721682,2021-06-24 15:40:00,735995,Transcribed,60s,None,TEWA,Tennessee Warbler,LEIOTHYLPIS PEREGRINA,1,3466994,1,Song,15.83,2.68,-35.73,f,,Anya Smillie,2546,,
BU,1951,W-P5-19-36,88950,,-113.436710,55.216010,,721682,2021-06-24 15:40:00,735995,Transcribed,60s,None,TEWA,Tennessee Warbler,LEIOTHYLPIS PEREGRINA,1,3466993,1,Song,7.23,3.18,-36.97,f,,Anya Smillie,2546,,
BU,1951,W-P5-19-36,88950,,-113.436710,55.216010,,721682,2021-06-24 15:40:00,735995,Transcribed,60s,None,TEWA,Tennessee Warbler,LEIOTHYLPIS PEREGRINA,1,3466995,1,Song,23.35,2.39,-36.98,f,,Anya Smillie,2546,,
BU,1951,W-P5-19-36,88950,,-113.436710,55.216010,,721682,2021-06-24 15:40:00,735995,Transcribed,60s,None,TEWA,Tennessee Warbler,LEIOTHYLPIS PEREGRINA,1,3466992,1,Song,0.18,2.69,-35.85,f,,Anya Smillie,2546,,
BU,1951,W-P5-19-36,88950,,-113.436710,55.216010,,721682,2021-06-24 15:40:00,735995,Transcribed,60s,None,TEWA,Tennessee Warbler,LEIOTHYLPIS PEREGRINA,1,3466996,1,Song,31.89,2.49,-36.97,f,,Anya Smillie,2546,,
BU,1951,W-P5-19-36,88950,,-113.436710,55.216010,,721682,2021-06-24 15:40:00,735995,Transcribed,60s,None,TEWA,Tennessee Warbler,LEIOTHYLPIS PEREGRINA,1,3466997,1,Song,41.33,2.13,-38.07,f,,Anya Smillie,2546,,
BU,1951,W-P5-19-36,88950,,-113.436710,55.216010,,721681,2021-06-24 16:00:00,735994,Transcribed,60s,None,TEWA,Tennessee Warbler,LEIOTHYLPIS PEREGRINA,1,3466991,1,Song,58.24,1.76,-32.07,f,,Anya Smillie,2546,,
BU,1951,W-P5-19-36,88950,,-113.436710,55.216010,,721681,2021-06-24 16:00:00,735994,Transcribed,60s,None,TEWA,Tennessee Warbler,LEIOTHYLPIS PEREGRINA,1,3466987,1,Song,11.24,2.76,-29.36,f,,Anya Smillie,2546,,
BU,1951,W-P5-19-36,88950,,-113.436710,55.216010,,721681,2021-06-24 16:00:00,735994,Transcribed,60s,None,TEWA,Tennessee Warbler,LEIOTHYLPIS PEREGRINA,1,3466986,1,Song,0.44,2.03,-28.26,f,,Anya Smillie,2546,,
BU,1951,W-P5-19-36,88950,,-113.436710,55.216010,,721681,2021-06-24 16:00:00,735994,Transcribed,60s,None,TEWA,Tennessee Warbler,LEIOTHYLPIS PEREGRINA,1,3466988,1,Song,26.29,2.93,-32.28,f,,Anya Smillie,2546,,
BU,1951,W-P5-19-36,88950,,-113.436710,55.216010,,721681,2021-06-24 16:00:00,735994,Transcribed,60s,None,TEWA,Tennessee Warbler,LEIOTHYLPIS PEREGRINA,1,3466989,1,Song,40.74,2.38,-32.29,f,,Anya Smillie,2546,,
BU,1951,W-P5-19-36,88950,,-113.436710,55.216010,,721681,2021-06-24 16:00:00,735994,Transcribed,60s,None,TEWA,Tennessee Warbler,LEIOTHYLPIS PEREGRINA,1,3466990,1,Song,52.36,2.25,-35.35,f,,Anya Smillie,2546,,
BU,1951,W-P5-19-36,88950,,-113.436710,55.216010,,721683,2021-06-24 16:20:00,735996,Transcribed,60s,None,WIWR,Winter Wren,TROGLODYTES HIEMALIS,1,3467003,1,Song,1.65,3.94,-48.05,f,,Anya Smillie,2546,,
BU,1951,W-P5-19-36,88950,,-113.436710,55.216010,,721683,2021-06-24 16:20:00,735996,Transcribed,60s,None,WIWR,Winter Wren,TROGLODYTES HIEMALIS,1,3467002,1,Song,15.09,4.23,-47.08,f,,Anya Smillie,2546,,
BU,1951,W-P5-19-36,88950,,-113.436710,55.216010,,721683,2021-06-24 16:20:00,735996,Transcribed,60s,None,WIWR,Winter Wren,TROGLODYTES HIEMALIS,1,3466999,1,Song,50.68,8.71,-46.87,f,,Anya Smillie,2546,,
BU,1951,W-P5-19-36,88950,,-113.436710,55.216010,,721683,2021-06-24 16:20:00,735996,Transcribed,60s,None,TEWA,Tennessee Warbler,LEIOTHYLPIS PEREGRINA,1,3467007,1,Song,42.18,2.21,-37.82,f,,Anya Smillie,2546,,
BU,1951,W-P5-19-36,88950,,-113.436710,55.216010,,721683,2021-06-24 16:20:00,735996,Transcribed,60s,None,TEWA,Tennessee Warbler,LEIOTHYLPIS PEREGRINA,1,3467004,1,Song,10.09,2.73,-51.16,f,,Anya Smillie,2546,,
BU,1951,W-P5-19-36,88950,,-113.436710,55.216010,,721683,2021-06-24 16:20:00,735996,Transcribed,60s,None,TEWA,Tennessee Warbler,LEIOTHYLPIS PEREGRINA,1,3467005,1,Song,19.56,2.46,-45,f,,Anya Smillie,2546,,
BU,1951,W-P5-19-36,88950,,-113.436710,55.216010,,721683,2021-06-24 16:20:00,735996,Transcribed,60s,None,WIWR,Winter Wren,TROGLODYTES HIEMALIS,1,3467001,1,Song,32.99,4.26,-45.38,f,,Anya Smillie,2546,,
BU,1951,W-P5-19-36,88950,,-113.436710,55.216010,,721684,2021-06-24 16:40:00,735997,Transcribed,60s,None,NONE,NONE,"",,,,,,,,,,Anya Smillie,2546,,
BU,1951,W-P5-19-36,88950,,-113.436710,55.216010,,721687,2021-06-24 17:00:00,736000,Transcribed,60s,None,WTSP,White-throated Sparrow,ZONOTRICHIA ALBICOLLIS,1,3467017,1,Song,45.30,4.19,-49.7,f,,Anya Smillie,2546,,
BU,1951,W-P5-19-36,88950,,-113.436710,55.216010,,721685,2021-06-24 17:20:00,735998,Transcribed,60s,None,NONE,NONE,"",,,,,,,,,,Anya Smillie,2546,,
BU,1951,W-P5-19-36,88950,,-113.436710,55.216010,,721686,2021-06-24 17:40:00,735999,Transcribed,60s,None,TEWA,Tennessee Warbler,LEIOTHYLPIS PEREGRINA,1,3467010,1,Song,14.91,3.35,-34.44,f,,Anya Smillie,2546,,
BU,1951,W-P5-19-36,88950,,-113.436710,55.216010,,721686,2021-06-24 17:40:00,735999,Transcribed,60s,None,TEWA,Tennessee Warbler,LEIOTHYLPIS PEREGRINA,1,3467013,1,Song,35.50,3.35,-35.08,f,,Anya Smillie,2546,,
BU,1951,W-P5-19-36,88950,,-113.436710,55.216010,,721686,2021-06-24 17:40:00,735999,Transcribed,60s,None,TEWA,Tennessee Warbler,LEIOTHYLPIS PEREGRINA,1,3467008,1,Song,0.11,3.45,-34.6,f,,Anya Smillie,2546,,
BU,1951,W-P5-19-36,88950,,-113.436710,55.216010,,721686,2021-06-24 17:40:00,735999,Transcribed,60s,None,TEWA,Tennessee Warbler,LEIOTHYLPIS PEREGRINA,1,3467011,1,Song,21.60,3.16,-33.94,f,,Anya Smillie,2546,,
BU,1951,W-P5-19-36,88950,,-113.436710,55.216010,,721686,2021-06-24 17:40:00,735999,Transcribed,60s,None,TEWA,Tennessee Warbler,LEIOTHYLPIS PEREGRINA,1,3467012,1,Song,28.81,3.06,-35.3,f,,Anya Smillie,2546,,
BU,1951,W-P5-19-36,88950,,-113.436710,55.216010,,721686,2021-06-24 17:40:00,735999,Transcribed,60s,None,TEWA,Tennessee Warbler,LEIOTHYLPIS PEREGRINA,1,3467014,1,Song,43.84,3.23,-34.91,f,,Anya Smillie,2546,,
BU,1951,W-P5-19-36,88950,,-113.436710,55.216010,,721686,2021-06-24 17:40:00,735999,Transcribed,60s,None,TEWA,Tennessee Warbler,LEIOTHYLPIS PEREGRINA,1,3467009,1,Song,8.11,3.21,-35.47,f,,Anya Smillie,2546,,
BU,1951,W-P5-19-36,88950,,-113.436710,55.216010,,721686,2021-06-24 17:40:00,735999,Transcribed,60s,None,TEWA,Tennessee Warbler,LEIOTHYLPIS PEREGRINA,1,3467015,1,Song,52.68,3.24,-34.56,f,,Anya Smillie,2546,,
BU,1951,W-P5-19-36,88950,,-113.436710,55.216010,,721688,2021-06-24 18:00:00,736001,Transcribed,60s,None,NONE,NONE,"",,,,,,,,,,Anya Smillie,2546,,
BU,1951,W-P5-19-36,88950,,-113.436710,55.216010,,721690,2021-06-24 18:20:00,736003,Transcribed,60s,None,NONE,NONE,"",,,,,,,,,,Anya Smillie,2546,,
BU,1951,W-P5-19-36,88950,,-113.436710,55.216010,,721689,2021-06-24 18:40:00,736002,Transcribed,60s,None,NONE,NONE,"",,,,,,,,,,Anya Smillie,2546,,
BU,1951,W-P5-19-36,88950,,-113.436710,55.216010,,721691,2021-06-24 19:00:00,736004,Transcribed,60s,None,TEWA,Tennessee Warbler,LEIOTHYLPIS PEREGRINA,1,3467024,1,Song,31.90,2.31,-51.67,f,,Anya Smillie,2546,,
BU,1951,W-P5-19-36,88950,,-113.436710,55.216010,,721691,2021-06-24 19:00:00,736004,Transcribed,60s,None,TEWA,Tennessee Warbler,LEIOTHYLPIS PEREGRINA,1,3467022,1,Song,11.73,2.55,-52.6,f,,Anya Smillie,2546,,
BU,1951,W-P5-19-36,88950,,-113.436710,55.216010,,721691,2021-06-24 19:00:00,736004,Transcribed,60s,None,TEWA,Tennessee Warbler,LEIOTHYLPIS PEREGRINA,1,3467021,1,Song,18.58,2.00,-53.8,f,,Anya Smillie,2546,,
BU,1951,W-P5-19-36,88950,,-113.436710,55.216010,,721691,2021-06-24 19:00:00,736004,Transcribed,60s,None,TEWA,Tennessee Warbler,LEIOTHYLPIS PEREGRINA,1,3467023,1,Song,4.91,2.55,-52.17,f,,Anya Smillie,2546,,
BU,1951,W-P5-19-36,88950,,-113.436710,55.216010,,721691,2021-06-24 19:00:00,736004,Transcribed,60s,None,WTSP,White-throated Sparrow,ZONOTRICHIA ALBICOLLIS,1,3467019,1,Song,31.14,2.84,-52.32,f,,Anya Smillie,2546,,
BU,1951,W-P5-19-36,88950,,-113.436710,55.216010,,721692,2021-06-24 19:20:00,736005,Transcribed,60s,None,WTSP,White-throated Sparrow,ZONOTRICHIA ALBICOLLIS,1,3467025,1,Song,0.63,3.09,-43.78,f,,Anya Smillie,2546,,
BU,1951,W-P5-19-36,88950,,-113.436710,55.216010,,721692,2021-06-24 19:20:00,736005,Transcribed,60s,None,TEWA,Tennessee Warbler,LEIOTHYLPIS PEREGRINA,1,3467026,1,Song,32.49,2.30,-54.14,f,,Anya Smillie,2546,,
BU,1951,W-P5-19-36,88950,,-113.436710,55.216010,,721693,2021-06-24 19:40:00,736006,Transcribed,60s,None,TEWA,Tennessee Warbler,LEIOTHYLPIS PEREGRINA,1,3467027,1,Song,16.43,1.79,-43.05,f,,Anya Smillie,2546,,
BU,1951,W-P5-19-36,88950,,-113.436710,55.216010,,721694,2021-06-24 20:00:00,736007,Transcribed,60s,None,TEWA,Tennessee Warbler,LEIOTHYLPIS PEREGRINA,1,3467034,1,Song,12.79,3.28,-35.28,f,,Anya Smillie,2546,,
BU,1951,W-P5-19-36,88950,,-113.436710,55.216010,,721694,2021-06-24 20:00:00,736007,Transcribed,60s,None,TEWA,Tennessee Warbler,LEIOTHYLPIS PEREGRINA,1,3467030,1,Song,46.61,3.38,-35.82,f,,Anya Smillie,2546,,
BU,1951,W-P5-19-36,88950,,-113.436710,55.216010,,721694,2021-06-24 20:00:00,736007,Transcribed,60s,None,TEWA,Tennessee Warbler,LEIOTHYLPIS PEREGRINA,1,3467033,1,Song,21.38,3.33,-34.5,f,,Anya Smillie,2546,,
BU,1951,W-P5-19-36,88950,,-113.436710,55.216010,,721694,2021-06-24 20:00:00,736007,Transcribed,60s,None,TEWA,Tennessee Warbler,LEIOTHYLPIS PEREGRINA,1,3467032,1,Song,30.45,3.00,-34.47,f,,Anya Smillie,2546,,
BU,1951,W-P5-19-36,88950,,-113.436710,55.216010,,721694,2021-06-24 20:00:00,736007,Transcribed,60s,None,TEWA,Tennessee Warbler,LEIOTHYLPIS PEREGRINA,1,3467029,1,Song,54.84,2.94,-34.65,f,,Anya Smillie,2546,,
BU,1951,W-P5-19-36,88950,,-113.436710,55.216010,,721694,2021-06-24 20:00:00,736007,Transcribed,60s,None,TEWA,Tennessee Warbler,LEIOTHYLPIS PEREGRINA,1,3467031,1,Song,37.84,3.98,-34.5,f,,Anya Smillie,2546,,
BU,1951,W-P5-19-36,88950,,-113.436710,55.216010,,721694,2021-06-24 20:00:00,736007,Transcribed,60s,None,TEWA,Tennessee Warbler,LEIOTHYLPIS PEREGRINA,1,3467028,1,Song,4.69,2.73,-35.19,f,,Anya Smillie,2546,,
BU,1951,W-P5-19-36,88950,,-113.436710,55.216010,,721695,2021-06-24 20:20:00,736008,Transcribed,60s,None,TEWA,Tennessee Warbler,LEIOTHYLPIS PEREGRINA,1,3467038,1,Song,20.43,2.45,-45.56,f,,Anya Smillie,2546,,
BU,1951,W-P5-19-36,88950,,-113.436710,55.216010,,721695,2021-06-24 20:20:00,736008,Transcribed,60s,None,TEWA,Tennessee Warbler,LEIOTHYLPIS PEREGRINA,1,3467037,1,Song,39.39,3.25,-52.53,f,,Anya Smillie,2546,,
BU,1951,W-P5-19-36,88950,,-113.436710,55.216010,,721695,2021-06-24 20:20:00,736008,Transcribed,60s,None,TEWA,Tennessee Warbler,LEIOTHYLPIS PEREGRINA,1,3467036,1,Song,10.69,3.03,-51,f,,Anya Smillie,2546,,
BU,1951,W-P5-19-36,88950,,-113.436710,55.216010,,721695,2021-06-24 20:20:00,736008,Transcribed,60s,None,TEWA,Tennessee Warbler,LEIOTHYLPIS PEREGRINA,1,3467035,1,Song,2.73,2.46,-52.28,f,,Anya Smillie,2546,,
BU,1951,W-P5-19-36,88950,,-113.436710,55.216010,,721695,2021-06-24 20:20:00,736008,Transcribed,60s,None,TEWA,Tennessee Warbler,LEIOTHYLPIS PEREGRINA,1,3467039,1,Song,29.01,2.24,-50.25,f,,Anya Smillie,2546,,
BU,1951,W-P5-19-36,88950,,-113.436710,55.216010,,721696,2021-06-24 20:40:00,736009,Transcribed,60s,None,NONE,NONE,"",,,,,,,,,,Anya Smillie,2546,,
BU,1951,W-P5-19-36,88950,,-113.436710,55.216010,,721697,2021-06-24 21:00:00,736010,Transcribed,60s,None,BTNW,Black-throated Green Warbler,SETOPHAGA VIRENS,1,3467041,1,Song,9.14,1.90,-51.2,f,,Anya Smillie,2546,,
BU,1951,W-P5-19-36,88950,,-113.436710,55.216010,,721697,2021-06-24 21:00:00,736010,Transcribed,60s,None,BTNW,Black-throated Green Warbler,SETOPHAGA VIRENS,1,3467044,1,Song,44.70,1.91,-53.6,f,,Anya Smillie,2546,,
BU,1951,W-P5-19-36,88950,,-113.436710,55.216010,,721697,2021-06-24 21:00:00,736010,Transcribed,60s,None,BTNW,Black-throated Green Warbler,SETOPHAGA VIRENS,1,3467043,1,Song,34.14,1.96,-51.35,f,,Anya Smillie,2546,,
BU,1951,W-P5-19-36,88950,,-113.436710,55.216010,,721697,2021-06-24 21:00:00,736010,Transcribed,60s,None,BTNW,Black-throated Green Warbler,SETOPHAGA VIRENS,1,3467042,1,Song,20.41,1.74,-50.15,f,,Anya Smillie,2546,,
BU,1951,W-P5-19-36,88950,,-113.436710,55.216010,,721697,2021-06-24 21:00:00,736010,Transcribed,60s,None,BTNW,Black-throated Green Warbler,SETOPHAGA VIRENS,1,3467045,1,Song,57.98,1.78,-52.89,f,,Anya Smillie,2546,,
BU,1951,W-P5-19-36,88950,,-113.436710,55.216010,,721698,2021-06-24 21:20:00,736011,Transcribed,60s,None,TEWA,Tennessee Warbler,LEIOTHYLPIS PEREGRINA,1,3467049,1,Song,43.80,2.94,-51.57,f,,Anya Smillie,2546,,
BU,1951,W-P5-19-36,88950,,-113.436710,55.216010,,721698,2021-06-24 21:20:00,736011,Transcribed,60s,None,TEWA,Tennessee Warbler,LEIOTHYLPIS PEREGRINA,1,3467050,1,Song,54.75,3.09,-41.07,f,,Anya Smillie,2546,,
BU,1951,W-P5-19-36,88950,,-113.436710,55.216010,,721699,2021-06-24 21:40:00,736012,Transcribed,60s,None,TEWA,Tennessee Warbler,LEIOTHYLPIS PEREGRINA,1,3467057,1,Song,50.59,3.01,-36,f,,Anya Smillie,2546,,
BU,1951,W-P5-19-36,88950,,-113.436710,55.216010,,721699,2021-06-24 21:40:00,736012,Transcribed,60s,None,TEWA,Tennessee Warbler,LEIOTHYLPIS PEREGRINA,1,3467051,1,Song,4.70,3.11,-31.87,f,,Anya Smillie,2546,,
BU,1951,W-P5-19-36,88950,,-113.436710,55.216010,,721699,2021-06-24 21:40:00,736012,Transcribed,60s,None,TEWA,Tennessee Warbler,LEIOTHYLPIS PEREGRINA,1,3467052,1,Song,15.41,2.89,-37.71,f,,Anya Smillie,2546,,
BU,1951,W-P5-19-36,88950,,-113.436710,55.216010,,721699,2021-06-24 21:40:00,736012,Transcribed,60s,None,TEWA,Tennessee Warbler,LEIOTHYLPIS PEREGRINA,1,3467053,1,Song,22.25,3.35,-40.66,f,,Anya Smillie,2546,,
BU,1951,W-P5-19-36,88950,,-113.436710,55.216010,,721699,2021-06-24 21:40:00,736012,Transcribed,60s,None,TEWA,Tennessee Warbler,LEIOTHYLPIS PEREGRINA,1,3467054,1,Song,32.09,2.76,-36.33,f,,Anya Smillie,2546,,
BU,1951,W-P5-19-36,88950,,-113.436710,55.216010,,721699,2021-06-24 21:40:00,736012,Transcribed,60s,None,TEWA,Tennessee Warbler,LEIOTHYLPIS PEREGRINA,1,3467058,1,Song,56.84,2.84,-37.23,f,,Anya Smillie,2546,,
BU,1951,W-P5-19-36,88950,,-113.436710,55.216010,,721699,2021-06-24 21:40:00,736012,Transcribed,60s,None,WTSP,White-throated Sparrow,ZONOTRICHIA ALBICOLLIS,1,3467055,1,Song,32.08,5.64,-39.3,f,,Anya Smillie,2546,,
BU,1951,W-P5-19-36,88950,,-113.436710,55.216010,,721699,2021-06-24 21:40:00,736012,Transcribed,60s,None,TEWA,Tennessee Warbler,LEIOTHYLPIS PEREGRINA,1,3467056,1,Song,44.19,3.29,-37.12,f,,Anya Smillie,2546,,
BU,1951,W-P5-19-36,88950,,-113.436710,55.216010,,721700,2021-06-24 22:00:00,736013,Transcribed,60s,None,BTNW,Black-throated Green Warbler,SETOPHAGA VIRENS,1,3467061,1,Song,22.48,1.99,-43.7,f,,Anya Smillie,2546,,
BU,1951,W-P5-19-36,88950,,-113.436710,55.216010,,721700,2021-06-24 22:00:00,736013,Transcribed,60s,None,BTNW,Black-throated Green Warbler,SETOPHAGA VIRENS,1,3467060,1,Song,2.10,1.41,-43.4,f,,Anya Smillie,2546,,
BU,1951,W-P5-19-36,88950,,-113.436710,55.216010,,721701,2021-06-24 22:20:00,736014,Transcribed,60s,None,WIWR,Winter Wren,TROGLODYTES HIEMALIS,1,3467063,1,Song,11.16,4.46,-33.26,f,,Anya Smillie,2546,,
BU,1951,W-P5-19-36,88950,,-113.436710,55.216010,,721701,2021-06-24 22:20:00,736014,Transcribed,60s,None,WTSP,White-throated Sparrow,ZONOTRICHIA ALBICOLLIS,1,3467069,1,Song,54.74,2.48,-60.99,f,,Anya Smillie,2546,,
BU,1951,W-P5-19-36,88950,,-113.436710,55.216010,,721701,2021-06-24 22:20:00,736014,Transcribed,60s,None,WTSP,White-throated Sparrow,ZONOTRICHIA ALBICOLLIS,1,3467068,1,Song,36.29,4.90,-59.49,f,,Anya Smillie,2546,,
BU,1951,W-P5-19-36,88950,,-113.436710,55.216010,,721702,2021-06-24 22:40:00,736015,Transcribed,60s,None,WTSP,White-throated Sparrow,ZONOTRICHIA ALBICOLLIS,1,3467076,1,Song,27.83,3.66,-55.87,f,,Anya Smillie,2546,,
BU,1951,W-P5-19-36,88950,,-113.436710,55.216010,,721702,2021-06-24 22:40:00,736015,Transcribed,60s,None,WTSP,White-throated Sparrow,ZONOTRICHIA ALBICOLLIS,1,3467073,1,Song,56.91,3.04,-46.82,f,,Anya Smillie,2546,,
BU,1951,W-P5-19-36,88950,,-113.436710,55.216010,,721702,2021-06-24 22:40:00,736015,Transcribed,60s,None,WTSP,White-throated Sparrow,ZONOTRICHIA ALBICOLLIS,2,3467071,1,Song,36.50,3.31,-52.52,f,,Anya Smillie,2546,,
BU,1951,W-P5-19-36,88950,,-113.436710,55.216010,,721702,2021-06-24 22:40:00,736015,Transcribed,60s,None,WTSP,White-throated Sparrow,ZONOTRICHIA ALBICOLLIS,2,3467072,1,Song,54.21,2.98,-59.29,f,,Anya Smillie,2546,,
BU,1951,W-P5-19-36,88950,,-113.436710,55.216010,,721702,2021-06-24 22:40:00,736015,Transcribed,60s,None,WTSP,White-throated Sparrow,ZONOTRICHIA ALBICOLLIS,2,3467075,1,Song,45.95,3.40,-57.53,f,,Anya Smillie,2546,,
BU,1951,W-P5-19-36,88950,,-113.436710,55.216010,,721703,2021-06-24 23:00:00,736016,Transcribed,60s,None,NONE,NONE,"",,,,,,,,,,Anya Smillie,2546,,
BU,1951,W-P5-19-36,88950,,-113.436710,55.216010,,721704,2021-06-24 23:20:00,736017,Transcribed,60s,None,NONE,NONE,"",,,,,,,,,,Anya Smillie,2546,,
BU,1951,W-P5-19-36,88950,,-113.436710,55.216010,,721705,2021-06-24 23:40:00,736018,Transcribed,60s,None,NONE,NONE,"",,,,,,,,,,Anya Smillie,2546,,
